needle_id,policy,expected_answer,answer_tokens,total_logprob,avg_logprob,perplexity,predicted_text_greedy_per_step,elapsed_sec,swap_total_gb,tokens,vram_peak,ram_peak,swap_vram_ram,swap_ram_ssd,attention_mass_total,attention_mass_vram,vram_attention_ratio,ram_attention_penalty,ssd_attention_penalty
blue_orchid,full_context, BLUE ORCHID,4,-0.28898923825181555,-0.07224730956295389,1.0749211494740352, BLUE ORCHID,0.7314142710001761,0.0,0,0,0,0,0,0.0,0.0,1.0,-0.5,-2.0
blue_orchid,recent_only, BLUE ORCHID,4,-1.735542034439277,-0.4338855086098192,1.5432421700600412, Blue ORCHID,1.3911356619992148,2.231369728,96,251658240,503316480,352321536,1879048192,96.00041722708048,1.2643945729835195,0.013170719560444267,-0.5,-2.0
blue_orchid,sinks_recent, BLUE ORCHID,4,-2.7164937377674505,-0.6791234344418626,1.972148257104304, The ORCHID,1.3577319590003754,2.231369728,96,251658240,503316480,352321536,1879048192,96.00041722708048,38.163236096463834,0.397531981618289,-0.5,-2.0
blue_orchid,heavy_hitter, BLUE ORCHID,4,-3.3140785133000463,-0.8285196283250116,2.289926287824173, The ORCHID,1.3642393730006006,3.305111552,96,251658240,503316480,754974720,2550136832,96.00041722708048,51.500831886376545,0.5364646672790587,-0.5,-2.0
blue_orchid,sinks_heavy_hitter, BLUE ORCHID,4,-2.2868709086615127,-0.5717177271653782,1.7713070619904998, The ORCHID,1.360095617999832,3.506438144,96,251658240,503316480,654311424,2852126720,96.00041722708048,63.16675730046427,0.6579841955379101,-0.5,-2.0
blue_orchid,full_context, BLUE ORCHID,4,-0.28898923825181555,-0.07224730956295389,1.0749211494740352, BLUE ORCHID,0.6500178799997229,0.0,0,0,0,0,0,0.0,0.0,1.0,-0.5,-4.0
blue_orchid,recent_only, BLUE ORCHID,4,-19.17013654112816,-4.79253413528204,120.60661521069169," 

GANID",1.384384281000166,2.231369728,96,251658240,503316480,352321536,1879048192,96.00041722708048,1.2643945729835195,0.013170719560444267,-0.5,-4.0
blue_orchid,sinks_recent, BLUE ORCHID,4,-19.93584679067135,-4.983961697667837,146.05185029493896," The

GANID",1.3967445370008136,2.231369728,96,251658240,503316480,352321536,1879048192,96.00041722708048,38.163236096463834,0.397531981618289,-0.5,-4.0
blue_orchid,heavy_hitter, BLUE ORCHID,4,-21.502697832882404,-5.375674458220601,216.0855638585578, ThePRINTANGEID,1.3903711080001813,3.305111552,96,251658240,503316480,754974720,2550136832,96.00041722708048,51.500831886376545,0.5364646672790587,-0.5,-4.0
blue_orchid,sinks_heavy_hitter, BLUE ORCHID,4,-9.545025280152913,-2.3862563200382283,10.872713696179392, The ORCHID,1.3836606220002068,3.506438144,96,251658240,503316480,654311424,2852126720,96.00041722708048,63.16675730046427,0.6579841955379101,-0.5,-4.0
blue_orchid,full_context, BLUE ORCHID,4,-0.28898923825181555,-0.07224730956295389,1.0749211494740352, BLUE ORCHID,0.6557379329997275,0.0,0,0,0,0,0,0.0,0.0,1.0,-0.5,-6.0
blue_orchid,recent_only, BLUE ORCHID,4,-31.963228702545166,-7.9908071756362915,2953.680136176763," 

GANANG",1.3686005219997242,2.231369728,96,251658240,503316480,352321536,1879048192,96.00041722708048,1.2643945729835195,0.013170719560444267,-0.5,-6.0
blue_orchid,sinks_recent, BLUE ORCHID,4,-32.36488580703735,-8.091221451759338,3265.6739983669795,  GREENGANANG,1.3566398880002453,2.231369728,96,251658240,503316480,352321536,1879048192,96.00041722708048,38.163236096463834,0.397531981618289,-0.5,-6.0
blue_orchid,heavy_hitter, BLUE ORCHID,4,-22.662394002079964,-5.665598500519991,288.76075287021155, ThePRINTANGEID,1.3658024719998139,3.305111552,96,251658240,503316480,754974720,2550136832,96.00041722708048,51.500831886376545,0.5364646672790587,-0.5,-6.0
blue_orchid,sinks_heavy_hitter, BLUE ORCHID,4,-10.888452699990012,-2.722113174997503,15.21243484019273, The ORCHID,1.376430819000234,3.506438144,96,251658240,503316480,654311424,2852126720,96.00041722708048,63.16675730046427,0.6579841955379101,-0.5,-6.0
blue_orchid,full_context, BLUE ORCHID,4,-0.28898923825181555,-0.07224730956295389,1.0749211494740352, BLUE ORCHID,0.657065672000499,0.0,0,0,0,0,0,0.0,0.0,1.0,-0.5,-8.0
blue_orchid,recent_only, BLUE ORCHID,4,-31.15242290496826,-7.788105726242065,2411.7447476758343," 

GANANG",1.3722153709995837,2.231369728,96,251658240,503316480,352321536,1879048192,96.00041722708048,1.2643945729835195,0.013170719560444267,-0.5,-8.0
blue_orchid,sinks_recent, BLUE ORCHID,4,-32.27030038833618,-8.067575097084045,3189.358559662014, How GREENGANANG,1.3647661690001769,2.231369728,96,251658240,503316480,352321536,1879048192,96.00041722708048,38.163236096463834,0.397531981618289,-0.5,-8.0
blue_orchid,heavy_hitter, BLUE ORCHID,4,-22.665427416563034,-5.6663568541407585,288.97981868686514, ThePRINTANGEID,1.3685029789994587,3.305111552,96,251658240,503316480,754974720,2550136832,96.00041722708048,51.500831886376545,0.5364646672790587,-0.5,-8.0
blue_orchid,sinks_heavy_hitter, BLUE ORCHID,4,-11.075980106834322,-2.7689950267085806,15.942604065028972, The ORCHID,1.354041705999407,3.506438144,96,251658240,503316480,654311424,2852126720,96.00041722708048,63.16675730046427,0.6579841955379101,-0.5,-8.0
blue_orchid,full_context, BLUE ORCHID,4,-0.28898923825181555,-0.07224730956295389,1.0749211494740352, BLUE ORCHID,0.6884540569999444,0.0,0,0,0,0,0,0.0,0.0,1.0,-1.0,-2.0
blue_orchid,recent_only, BLUE ORCHID,4,-2.0137744324165396,-0.5034436081041349,1.6544086074886561, Blue ORCHID,1.3513649630003783,2.231369728,96,251658240,503316480,352321536,1879048192,96.00041722708048,1.2643945729835195,0.013170719560444267,-1.0,-2.0
blue_orchid,sinks_recent, BLUE ORCHID,4,-2.5930754762957804,-0.6482688690739451,1.9122276456491787, The ORCHID,1.3707732630000464,2.231369728,96,251658240,503316480,352321536,1879048192,96.00041722708048,38.163236096463834,0.397531981618289,-1.0,-2.0
blue_orchid,heavy_hitter, BLUE ORCHID,4,-2.487881539738737,-0.6219703849346843,1.862594456592636, Blue ORCHID,1.3793684750007742,3.305111552,96,251658240,503316480,754974720,2550136832,96.00041722708048,51.500831886376545,0.5364646672790587,-1.0,-2.0
blue_orchid,sinks_heavy_hitter, BLUE ORCHID,4,-2.9412378325650934,-0.7353094581412734,2.0861274617537933, The ORCHID,1.3359467170002972,3.506438144,96,251658240,503316480,654311424,2852126720,96.00041722708048,63.16675730046427,0.6579841955379101,-1.0,-2.0
blue_orchid,full_context, BLUE ORCHID,4,-0.28898923825181555,-0.07224730956295389,1.0749211494740352, BLUE ORCHID,0.6878272620006101,0.0,0,0,0,0,0,0.0,0.0,1.0,-1.0,-4.0
blue_orchid,recent_only, BLUE ORCHID,4,-18.039455249905586,-4.509863812476397,90.90943693635218," 

GANID",1.3481717840004421,2.231369728,96,251658240,503316480,352321536,1879048192,96.00041722708048,1.2643945729835195,0.013170719560444267,-1.0,-4.0
blue_orchid,sinks_recent, BLUE ORCHID,4,-19.75978235900402,-4.939945589751005,139.76264483281176," The
GANID",1.3747614240000985,2.231369728,96,251658240,503316480,352321536,1879048192,96.00041722708048,38.163236096463834,0.397531981618289,-1.0,-4.0
blue_orchid,heavy_hitter, BLUE ORCHID,4,-20.560359433293343,-5.140089858323336,170.73110924327563, ThePRINTANGEID,1.3716379770003186,3.305111552,96,251658240,503316480,754974720,2550136832,96.00041722708048,51.500831886376545,0.5364646672790587,-1.0,-4.0
blue_orchid,sinks_heavy_hitter, BLUE ORCHID,4,-9.349352994729998,-2.3373382486824994,10.35364103514234, The ORCHID,1.3861641439998493,3.506438144,96,251658240,503316480,654311424,2852126720,96.00041722708048,63.16675730046427,0.6579841955379101,-1.0,-4.0
blue_orchid,full_context, BLUE ORCHID,4,-0.28898923825181555,-0.07224730956295389,1.0749211494740352, BLUE ORCHID,0.6526020499995866,0.0,0,0,0,0,0,0.0,0.0,1.0,-1.0,-6.0
blue_orchid,recent_only, BLUE ORCHID,4,-31.947915077209473,-7.986978769302368,2942.393866433274,  GREENGANANG,1.3634462359996178,2.231369728,96,251658240,503316480,352321536,1879048192,96.00041722708048,1.2643945729835195,0.013170719560444267,-1.0,-6.0
blue_orchid,sinks_recent, BLUE ORCHID,4,-32.24251127243042,-8.060627818107605,3167.2779847583133, How GREENGANANG,1.3649958629994217,2.231369728,96,251658240,503316480,352321536,1879048192,96.00041722708048,38.163236096463834,0.397531981618289,-1.0,-6.0
blue_orchid,heavy_hitter, BLUE ORCHID,4,-22.75943073630333,-5.689857684075832,295.85151326275343, ThePRINTANGEID,1.3549207360001674,3.305111552,96,251658240,503316480,754974720,2550136832,96.00041722708048,51.500831886376545,0.5364646672790587,-1.0,-6.0
blue_orchid,sinks_heavy_hitter, BLUE ORCHID,4,-10.974106709240004,-2.743526677310001,15.541699117920167, The ORCHID,1.3995407270003852,3.506438144,96,251658240,503316480,654311424,2852126720,96.00041722708048,63.16675730046427,0.6579841955379101,-1.0,-6.0
blue_orchid,full_context, BLUE ORCHID,4,-0.28898923825181555,-0.07224730956295389,1.0749211494740352, BLUE ORCHID,0.6759694699994725,0.0,0,0,0,0,0,0.0,0.0,1.0,-1.0,-8.0
blue_orchid,recent_only, BLUE ORCHID,4,-30.500749111175537,-7.625187277793884,2049.1641920363927," 

GANANG",1.3780147500001476,2.231369728,96,251658240,503316480,352321536,1879048192,96.00041722708048,1.2643945729835195,0.013170719560444267,-1.0,-8.0
blue_orchid,sinks_recent, BLUE ORCHID,4,-31.63011121749878,-7.907527804374695,2717.6635586902016," How GREENGAN
",1.3698601269998107,2.231369728,96,251658240,503316480,352321536,1879048192,96.00041722708048,38.163236096463834,0.397531981618289,-1.0,-8.0
blue_orchid,heavy_hitter, BLUE ORCHID,4,-22.886309430003166,-5.7215773575007915,305.3862465340436, ThePRINTANGEID,1.3632153110002037,3.305111552,96,251658240,503316480,754974720,2550136832,96.00041722708048,51.500831886376545,0.5364646672790587,-1.0,-8.0
blue_orchid,sinks_heavy_hitter, BLUE ORCHID,4,-11.192336798761971,-2.798084199690493,16.413172270778684, The ORCHID,1.400079760999688,3.506438144,96,251658240,503316480,654311424,2852126720,96.00041722708048,63.16675730046427,0.6579841955379101,-1.0,-8.0
blue_orchid,full_context, BLUE ORCHID,4,-0.28898923825181555,-0.07224730956295389,1.0749211494740352, BLUE ORCHID,0.6642418729998099,0.0,0,0,0,0,0,0.0,0.0,1.0,-2.0,-2.0
blue_orchid,recent_only, BLUE ORCHID,4,-2.217054328531958,-0.5542635821329895,1.7406586605308036, The ORCHID,1.404368563999924,2.231369728,96,251658240,503316480,352321536,1879048192,96.00041722708048,1.2643945729835195,0.013170719560444267,-2.0,-2.0
blue_orchid,sinks_recent, BLUE ORCHID,4,-2.538376467942726,-0.6345941169856815,1.8862563866378268, The ORCHID,1.3708057519997965,2.231369728,96,251658240,503316480,352321536,1879048192,96.00041722708048,38.163236096463834,0.397531981618289,-2.0,-2.0
blue_orchid,heavy_hitter, BLUE ORCHID,4,-4.597356757847592,-1.149339189461898,3.1561066319267694, The ORCHID,1.3545885049998105,3.305111552,96,251658240,503316480,754974720,2550136832,96.00041722708048,51.500831886376545,0.5364646672790587,-2.0,-2.0
blue_orchid,sinks_heavy_hitter, BLUE ORCHID,4,-5.458553980017314,-1.3646384950043284,3.9143077543817517, The ORCHID,1.3815785080005298,3.506438144,96,251658240,503316480,654311424,2852126720,96.00041722708048,63.16675730046427,0.6579841955379101,-2.0,-2.0
blue_orchid,full_context, BLUE ORCHID,4,-0.28898923825181555,-0.07224730956295389,1.0749211494740352, BLUE ORCHID,0.6709934479995354,0.0,0,0,0,0,0,0.0,0.0,1.0,-2.0,-4.0
blue_orchid,recent_only, BLUE ORCHID,4,-15.57103517651558,-3.892758794128895,49.04600789062934," "" GREENGANID",1.378051907000554,2.231369728,96,251658240,503316480,352321536,1879048192,96.00041722708048,1.2643945729835195,0.013170719560444267,-2.0,-4.0
blue_orchid,sinks_recent, BLUE ORCHID,4,-19.4081159979105,-4.852028999477625,127.99983815152731," The
GANID",1.3837608779995207,2.231369728,96,251658240,503316480,352321536,1879048192,96.00041722708048,38.163236096463834,0.397531981618289,-2.0,-4.0
blue_orchid,heavy_hitter, BLUE ORCHID,4,-21.252554811537266,-5.3131387028843164,202.98634339942038, ThePRINTANGEID,1.397648045999631,3.305111552,96,251658240,503316480,754974720,2550136832,96.00041722708048,51.500831886376545,0.5364646672790587,-2.0,-4.0
blue_orchid,sinks_heavy_hitter, BLUE ORCHID,4,-9.70360885199625,-2.4259022129990626,11.312431038904961, The ORCHID,1.3495615179999731,3.506438144,96,251658240,503316480,654311424,2852126720,96.00041722708048,63.16675730046427,0.6579841955379101,-2.0,-4.0
blue_orchid,full_context, BLUE ORCHID,4,-0.28898923825181555,-0.07224730956295389,1.0749211494740352, BLUE ORCHID,0.7028858100002253,0.0,0,0,0,0,0,0.0,0.0,1.0,-2.0,-6.0
blue_orchid,recent_only, BLUE ORCHID,4,-32.03666877746582,-8.009167194366455,3008.4106479925445,  GREENGANANG,1.3664826449994507,2.231369728,96,251658240,503316480,352321536,1879048192,96.00041722708048,1.2643945729835195,0.013170719560444267,-2.0,-6.0
blue_orchid,sinks_recent, BLUE ORCHID,4,-31.604770183563232,-7.901192545890808,2700.5008799793004," 
GANANG",1.386291329999949,2.231369728,96,251658240,503316480,352321536,1879048192,96.00041722708048,38.163236096463834,0.397531981618289,-2.0,-6.0
blue_orchid,heavy_hitter, BLUE ORCHID,4,-23.949312530457973,-5.987328132614493,398.34885147420266, ThePRINTANGEID,1.3944569280001815,3.305111552,96,251658240,503316480,754974720,2550136832,96.00041722708048,51.500831886376545,0.5364646672790587,-2.0,-6.0
blue_orchid,sinks_heavy_hitter, BLUE ORCHID,4,-13.21115121548064,-3.30278780387016,27.188329096032017, The ORCHID,1.3612479129997155,3.506438144,96,251658240,503316480,654311424,2852126720,96.00041722708048,63.16675730046427,0.6579841955379101,-2.0,-6.0
blue_orchid,full_context, BLUE ORCHID,4,-0.28898923825181555,-0.07224730956295389,1.0749211494740352, BLUE ORCHID,0.6705880960007562,0.0,0,0,0,0,0,0.0,0.0,1.0,-2.0,-8.0
blue_orchid,recent_only, BLUE ORCHID,4,-30.16072416305542,-7.540181040763855,1882.1707439489549,"  GREENGAN
",1.3862968169996748,2.231369728,96,251658240,503316480,352321536,1879048192,96.00041722708048,1.2643945729835195,0.013170719560444267,-2.0,-8.0
blue_orchid,sinks_recent, BLUE ORCHID,4,-32.049211502075195,-8.012302875518799,3017.858870124363,  GREEN ORCH,1.3921118620000925,2.231369728,96,251658240,503316480,352321536,1879048192,96.00041722708048,38.163236096463834,0.397531981618289,-2.0,-8.0
blue_orchid,heavy_hitter, BLUE ORCHID,4,-24.102725595235825,-6.025681398808956,413.92359299485673, ThePRINTANGEID,1.381160805000036,3.305111552,96,251658240,503316480,754974720,2550136832,96.00041722708048,51.500831886376545,0.5364646672790587,-2.0,-8.0
blue_orchid,sinks_heavy_hitter, BLUE ORCHID,4,-15.071159094804898,-3.7677897737012245,43.284290955671935," The
CHID",1.37977507100004,3.506438144,96,251658240,503316480,654311424,2852126720,96.00041722708048,63.16675730046427,0.6579841955379101,-2.0,-8.0
blue_orchid,full_context, BLUE ORCHID,4,-0.28898923825181555,-0.07224730956295389,1.0749211494740352, BLUE ORCHID,0.6792429740007719,0.0,0,0,0,0,0,0.0,0.0,1.0,-4.0,-4.0
blue_orchid,recent_only, BLUE ORCHID,4,-12.768927495926619,-3.1922318739816546,24.342696690893746," ""

CHID",1.3984880629996042,2.231369728,96,251658240,503316480,352321536,1879048192,96.00041722708048,1.2643945729835195,0.013170719560444267,-4.0,-4.0
blue_orchid,sinks_recent, BLUE ORCHID,4,-18.766981188207865,-4.691745297051966,109.04332682447854," The

GANID",1.3542006389998278,2.231369728,96,251658240,503316480,352321536,1879048192,96.00041722708048,38.163236096463834,0.397531981618289,-4.0,-4.0
blue_orchid,heavy_hitter, BLUE ORCHID,4,-29.898314207792282,-7.4745785519480705,1762.65866256473," The
ANGEID",1.3754286399998819,3.305111552,96,251658240,503316480,754974720,2550136832,96.00041722708048,51.500831886376545,0.5364646672790587,-4.0,-4.0
blue_orchid,sinks_heavy_hitter, BLUE ORCHID,4,-22.74684491287917,-5.686711228219792,294.92209249382637, The BLUECHID,1.4064380570007415,3.506438144,96,251658240,503316480,654311424,2852126720,96.00041722708048,63.16675730046427,0.6579841955379101,-4.0,-4.0
blue_orchid,full_context, BLUE ORCHID,4,-0.28898923825181555,-0.07224730956295389,1.0749211494740352, BLUE ORCHID,0.6660786639995422,0.0,0,0,0,0,0,0.0,0.0,1.0,-4.0,-6.0
blue_orchid,recent_only, BLUE ORCHID,4,-32.42464780807495,-8.106161952018738,3314.8311030596756,"  GREEN

ANG",1.3990975520000575,2.231369728,96,251658240,503316480,352321536,1879048192,96.00041722708048,1.2643945729835195,0.013170719560444267,-4.0,-6.0
blue_orchid,sinks_recent, BLUE ORCHID,4,-30.4994797706604,-7.6248699426651,2048.51402341974,  BLUEGANANG,1.3876069919997462,2.231369728,96,251658240,503316480,352321536,1879048192,96.00041722708048,38.163236096463834,0.397531981618289,-4.0,-6.0
blue_orchid,heavy_hitter, BLUE ORCHID,4,-28.931184619665146,-7.2327961549162865,1384.0872206825613, ThePRINTANGEID,1.3546027250004045,3.305111552,96,251658240,503316480,754974720,2550136832,96.00041722708048,51.500831886376545,0.5364646672790587,-4.0,-6.0
blue_orchid,sinks_heavy_hitter, BLUE ORCHID,4,-24.3933571819216,-6.0983392954804,445.1179465528144, The BLUECHID,1.374911339999926,3.506438144,96,251658240,503316480,654311424,2852126720,96.00041722708048,63.16675730046427,0.6579841955379101,-4.0,-6.0
blue_orchid,full_context, BLUE ORCHID,4,-0.28898923825181555,-0.07224730956295389,1.0749211494740352, BLUE ORCHID,0.6778952980002941,0.0,0,0,0,0,0,0.0,0.0,1.0,-4.0,-8.0
blue_orchid,recent_only, BLUE ORCHID,4,-31.679622650146484,-7.919905662536621,2751.5114628741535," How GREEN

",1.3782767700004115,2.231369728,96,251658240,503316480,352321536,1879048192,96.00041722708048,1.2643945729835195,0.013170719560444267,-4.0,-8.0
blue_orchid,sinks_recent, BLUE ORCHID,4,-33.534565925598145,-8.383641481399536,4374.911112312205, How BLUE ORCH,1.3960284209997553,2.231369728,96,251658240,503316480,352321536,1879048192,96.00041722708048,38.163236096463834,0.397531981618289,-4.0,-8.0
blue_orchid,heavy_hitter, BLUE ORCHID,4,-28.40798732638359,-7.101996831595898,1214.389586509432, ThePRINTANGEID,1.3646680430001652,3.305111552,96,251658240,503316480,754974720,2550136832,96.00041722708048,51.500831886376545,0.5364646672790587,-4.0,-8.0
blue_orchid,sinks_heavy_hitter, BLUE ORCHID,4,-24.625230953097343,-6.156307738274336,471.68327758053283, The BLUECHID,1.3451189040006284,3.506438144,96,251658240,503316480,654311424,2852126720,96.00041722708048,63.16675730046427,0.6579841955379101,-4.0,-8.0
silver_falcon,full_context, SILVER FALCON,5,-0.8171958953025751,-0.16343917906051503,1.177553733085042, SILVER FALCON,0.8423697569996875,0.0,0,0,0,0,0,0.0,0.0,1.0,-0.5,-2.0
silver_falcon,recent_only, SILVER FALCON,5,-4.3647186000598595,-0.8729437200119718,2.393947602799014, TheVER FALCON,1.7034400040001856,2.214592512,120,251658240,503316480,352321536,1862270976,119.99977224718191,1.593957418118407,0.013283003694666094,-0.5,-2.0
silver_falcon,sinks_recent, SILVER FALCON,5,-4.546116203069687,-0.9092232406139373,2.482393561809379, TheVER FACTALCON,1.7020988980002585,2.214592512,120,251658240,503316480,352321536,1862270976,119.99977224718191,47.547897745074806,0.39623323323591914,-0.5,-2.0
silver_falcon,heavy_hitter, SILVER FALCON,5,-3.716427522478625,-0.7432855044957251,2.1028330447787273, TheVER FALCON,1.6945379759999923,3.154116608,120,251658240,503316480,721420288,2432696320,119.99977224718191,67.99338804911167,0.5666126424728147,-0.5,-2.0
silver_falcon,sinks_heavy_hitter, SILVER FALCON,5,-3.3210777938656975,-0.6642155587731395,1.942965780919464, TheVER FALCON,1.7042549099996904,3.456106496,120,251658240,503316480,620756992,2835349504,119.99977224718191,82.0815430799048,0.6840141572171394,-0.5,-2.0
silver_falcon,full_context, SILVER FALCON,5,-0.8171958953025751,-0.16343917906051503,1.177553733085042, SILVER FALCON,0.8210566790003213,0.0,0,0,0,0,0,0.0,0.0,1.0,-0.5,-4.0
silver_falcon,recent_only, SILVER FALCON,5,-22.20526558160782,-4.441053116321564,84.86426657506455," VER

LOWCON",1.7396567799996774,2.214592512,120,251658240,503316480,352321536,1862270976,119.99977224718191,1.593957418118407,0.013283003694666094,-0.5,-4.0
silver_falcon,sinks_recent, SILVER FALCON,5,-22.251682996749878,-4.450336599349976,85.65577082716524," TheVER
ALAN",1.7152310539995597,2.214592512,120,251658240,503316480,352321536,1862270976,119.99977224718191,47.547897745074806,0.39623323323591914,-0.5,-4.0
silver_falcon,heavy_hitter, SILVER FALCON,5,-23.14304382354021,-4.6286087647080425,102.3715420904011, TheVER.LOWCON,1.7127822110005582,3.154116608,120,251658240,503316480,721420288,2432696320,119.99977224718191,67.99338804911167,0.5666126424728147,-0.5,-4.0
silver_falcon,sinks_heavy_hitter, SILVER FALCON,5,-11.297707446909044,-2.259541489381809,9.578696225808342, TheVER FALCON,1.6872121370006425,3.456106496,120,251658240,503316480,620756992,2835349504,119.99977224718191,82.0815430799048,0.6840141572171394,-0.5,-4.0
silver_falcon,full_context, SILVER FALCON,5,-0.8171958953025751,-0.16343917906051503,1.177553733085042, SILVER FALCON,0.8250959539991527,0.0,0,0,0,0,0,0.0,0.0,1.0,-0.5,-6.0
silver_falcon,recent_only, SILVER FALCON,5,-38.10499405860901,-7.620998811721802,2040.5992867708312, VERIFIED GC,1.6986878260004232,2.214592512,120,251658240,503316480,352321536,1862270976,119.99977224718191,1.593957418118407,0.013283003694666094,-0.5,-6.0
silver_falcon,sinks_recent, SILVER FALCON,5,-32.16972690820694,-6.433945381641388,622.6256041009173, VERIFIED FC,1.6944507039997916,2.214592512,120,251658240,503316480,352321536,1862270976,119.99977224718191,47.547897745074806,0.39623323323591914,-0.5,-6.0
silver_falcon,heavy_hitter, SILVER FALCON,5,-26.46862305700779,-5.293724611401558,199.08355508516482, TheVER.OUNTCON,1.6892481750001025,3.154116608,120,251658240,503316480,721420288,2432696320,119.99977224718191,67.99338804911167,0.5666126424728147,-0.5,-6.0
silver_falcon,sinks_heavy_hitter, SILVER FALCON,5,-13.082064052170608,-2.6164128104341215,13.686539210333429, TheVER FALCON,1.692951924999761,3.456106496,120,251658240,503316480,620756992,2835349504,119.99977224718191,82.0815430799048,0.6840141572171394,-0.5,-6.0
silver_falcon,full_context, SILVER FALCON,5,-0.8171958953025751,-0.16343917906051503,1.177553733085042, SILVER FALCON,0.8385787070001243,0.0,0,0,0,0,0,0.0,0.0,1.0,-0.5,-8.0
silver_falcon,recent_only, SILVER FALCON,5,-42.23461198806763,-8.446922397613525,4660.706838103151, VERIFIED FAL,1.6853946259998338,2.214592512,120,251658240,503316480,352321536,1862270976,119.99977224718191,1.593957418118407,0.013283003694666094,-0.5,-8.0
silver_falcon,sinks_recent, SILVER FALCON,5,-40.04493844509125,-8.00898768901825,3007.8706706574917, VERIFIED FAL,1.7196102249999967,2.214592512,120,251658240,503316480,352321536,1862270976,119.99977224718191,47.547897745074806,0.39623323323591914,-0.5,-8.0
silver_falcon,heavy_hitter, SILVER FALCON,5,-26.645136021077633,-5.329027204215526,206.23724981302047, TheVER.OUNTCON,1.7088508759998149,3.154116608,120,251658240,503316480,721420288,2432696320,119.99977224718191,67.99338804911167,0.5666126424728147,-0.5,-8.0
silver_falcon,sinks_heavy_hitter, SILVER FALCON,5,-12.928419165255036,-2.5856838330510072,13.272362067260135, TheVER FALCON,1.7032925519997661,3.456106496,120,251658240,503316480,620756992,2835349504,119.99977224718191,82.0815430799048,0.6840141572171394,-0.5,-8.0
silver_falcon,full_context, SILVER FALCON,5,-0.8171958953025751,-0.16343917906051503,1.177553733085042, SILVER FALCON,0.8259776840004633,0.0,0,0,0,0,0,0.0,0.0,1.0,-1.0,-2.0
silver_falcon,recent_only, SILVER FALCON,5,-4.610668043955229,-0.9221336087910459,2.5146499495401087, TheVER FALCON,1.6925528769997982,2.214592512,120,251658240,503316480,352321536,1862270976,119.99977224718191,1.593957418118407,0.013283003694666094,-1.0,-2.0
silver_falcon,sinks_recent, SILVER FALCON,5,-5.108409273903817,-1.0216818547807633,2.7778627992144127, TheVER FACTALCON,1.6993251670000973,2.214592512,120,251658240,503316480,352321536,1862270976,119.99977224718191,47.547897745074806,0.39623323323591914,-1.0,-2.0
silver_falcon,heavy_hitter, SILVER FALCON,5,-2.6713969639968127,-0.5342793927993625,1.7062182859670296, TheVER FALCON,1.6880216180006755,3.154116608,120,251658240,503316480,721420288,2432696320,119.99977224718191,67.99338804911167,0.5666126424728147,-1.0,-2.0
silver_falcon,sinks_heavy_hitter, SILVER FALCON,5,-4.374108445219463,-0.8748216890438926,2.3984475863534582, TheVER FALCON,1.6862908050006808,3.456106496,120,251658240,503316480,620756992,2835349504,119.99977224718191,82.0815430799048,0.6840141572171394,-1.0,-2.0
silver_falcon,full_context, SILVER FALCON,5,-0.8171958953025751,-0.16343917906051503,1.177553733085042, SILVER FALCON,0.82305996300056,0.0,0,0,0,0,0,0.0,0.0,1.0,-1.0,-4.0
silver_falcon,recent_only, SILVER FALCON,5,-22.11356282234192,-4.422712564468384,83.32199537755267," VER
IVECON",1.701857136000399,2.214592512,120,251658240,503316480,352321536,1862270976,119.99977224718191,1.593957418118407,0.013283003694666094,-1.0,-4.0
silver_falcon,sinks_recent, SILVER FALCON,5,-22.771838068962097,-4.55436761379242,95.04663004849255," TheVER
LOWAN",1.6833974979999766,2.214592512,120,251658240,503316480,352321536,1862270976,119.99977224718191,47.547897745074806,0.39623323323591914,-1.0,-4.0
silver_falcon,heavy_hitter, SILVER FALCON,5,-21.340129375457764,-4.268025875091553,71.38058225114317, TheVER.ISHCON,1.6894711479999387,3.154116608,120,251658240,503316480,721420288,2432696320,119.99977224718191,67.99338804911167,0.5666126424728147,-1.0,-4.0
silver_falcon,sinks_heavy_hitter, SILVER FALCON,5,-11.464978710340802,-2.29299574206816,9.904564802855216, TheVER FALCON,1.7279243679995488,3.456106496,120,251658240,503316480,620756992,2835349504,119.99977224718191,82.0815430799048,0.6840141572171394,-1.0,-4.0
silver_falcon,full_context, SILVER FALCON,5,-0.8171958953025751,-0.16343917906051503,1.177553733085042, SILVER FALCON,0.8472534339998674,0.0,0,0,0,0,0,0.0,0.0,1.0,-1.0,-6.0
silver_falcon,recent_only, SILVER FALCON,5,-37.37349486351013,-7.4746989727020265,1762.8709360306523, VER  GCON,1.6850660780000908,2.214592512,120,251658240,503316480,352321536,1862270976,119.99977224718191,1.593957418118407,0.013283003694666094,-1.0,-6.0
silver_falcon,sinks_recent, SILVER FALCON,5,-31.92246013879776,-6.384492027759552,592.5836400924917, VER  FIA,1.7084117730000798,2.214592512,120,251658240,503316480,352321536,1862270976,119.99977224718191,47.547897745074806,0.39623323323591914,-1.0,-6.0
silver_falcon,heavy_hitter, SILVER FALCON,5,-26.246531285345554,-5.249306257069111,190.434110304214, TheVER.OUNTCON,1.719431608999912,3.154116608,120,251658240,503316480,721420288,2432696320,119.99977224718191,67.99338804911167,0.5666126424728147,-1.0,-6.0
silver_falcon,sinks_heavy_hitter, SILVER FALCON,5,-13.499194009462371,-2.6998388018924744,14.877333333591556, TheVER FALCON,1.7024856250000084,3.456106496,120,251658240,503316480,620756992,2835349504,119.99977224718191,82.0815430799048,0.6840141572171394,-1.0,-6.0
silver_falcon,full_context, SILVER FALCON,5,-0.8171958953025751,-0.16343917906051503,1.177553733085042, SILVER FALCON,0.8322043839998514,0.0,0,0,0,0,0,0.0,0.0,1.0,-1.0,-8.0
silver_falcon,recent_only, SILVER FALCON,5,-43.512680888175964,-8.702536177635192,6018.155991260896, VERIFIED FAL,1.6963136409995059,2.214592512,120,251658240,503316480,352321536,1862270976,119.99977224718191,1.593957418118407,0.013283003694666094,-1.0,-8.0
silver_falcon,sinks_recent, SILVER FALCON,5,-40.808775663375854,-8.161755132675172,3504.3317765947477, VERIFIED FAL,1.7304254199998468,2.214592512,120,251658240,503316480,352321536,1862270976,119.99977224718191,47.547897745074806,0.39623323323591914,-1.0,-8.0
silver_falcon,heavy_hitter, SILVER FALCON,5,-26.36984548345208,-5.273969096690417,195.18915161473478, TheVER.OUNTCON,1.7183777820000614,3.154116608,120,251658240,503316480,721420288,2432696320,119.99977224718191,67.99338804911167,0.5666126424728147,-1.0,-8.0
silver_falcon,sinks_heavy_hitter, SILVER FALCON,5,-13.378398654749617,-2.6756797309499234,14.522217686293466, TheVER FALCON,1.696099065999988,3.456106496,120,251658240,503316480,620756992,2835349504,119.99977224718191,82.0815430799048,0.6840141572171394,-1.0,-8.0
silver_falcon,full_context, SILVER FALCON,5,-0.8171958953025751,-0.16343917906051503,1.177553733085042, SILVER FALCON,0.8383117479997964,0.0,0,0,0,0,0,0.0,0.0,1.0,-2.0,-2.0
silver_falcon,recent_only, SILVER FALCON,5,-5.56299268908333,-1.112598537816666,3.0422535429513293, TheVER FALCON,1.7401241969992043,2.214592512,120,251658240,503316480,352321536,1862270976,119.99977224718191,1.593957418118407,0.013283003694666094,-2.0,-2.0
silver_falcon,sinks_recent, SILVER FALCON,5,-5.5036773880710825,-1.1007354776142164,3.0063763335234075, TheVER FACTALCON,1.7119295570000759,2.214592512,120,251658240,503316480,352321536,1862270976,119.99977224718191,47.547897745074806,0.39623323323591914,-2.0,-2.0
silver_falcon,heavy_hitter, SILVER FALCON,5,-4.908665398601443,-0.9817330797202886,2.669077960754683, TheVER FALCON,1.717481773000145,3.154116608,120,251658240,503316480,721420288,2432696320,119.99977224718191,67.99338804911167,0.5666126424728147,-2.0,-2.0
silver_falcon,sinks_heavy_hitter, SILVER FALCON,5,-6.304303648561472,-1.2608607297122945,3.528457228676871, TheVER FALCON,1.7148268450000614,3.456106496,120,251658240,503316480,620756992,2835349504,119.99977224718191,82.0815430799048,0.6840141572171394,-2.0,-2.0
silver_falcon,full_context, SILVER FALCON,5,-0.8171958953025751,-0.16343917906051503,1.177553733085042, SILVER FALCON,0.8603666449998855,0.0,0,0,0,0,0,0.0,0.0,1.0,-2.0,-4.0
silver_falcon,recent_only, SILVER FALCON,5,-21.874057173728943,-4.374811434745789,79.42486137094834," DeveloperVER
IVECON",1.7280471109997961,2.214592512,120,251658240,503316480,352321536,1862270976,119.99977224718191,1.593957418118407,0.013283003694666094,-2.0,-4.0
silver_falcon,sinks_recent, SILVER FALCON,5,-23.255130290985107,-4.651026058197021,104.69235093098217, TheVER FACTLOWAN,1.6988153109996347,2.214592512,120,251658240,503316480,352321536,1862270976,119.99977224718191,47.547897745074806,0.39623323323591914,-2.0,-4.0
silver_falcon,heavy_hitter, SILVER FALCON,5,-21.795232355594635,-4.359046471118927,78.18254955032813, TheVER.IVECON,1.727142580999498,3.154116608,120,251658240,503316480,721420288,2432696320,119.99977224718191,67.99338804911167,0.5666126424728147,-2.0,-4.0
silver_falcon,sinks_heavy_hitter, SILVER FALCON,5,-11.675404672510922,-2.3350809345021846,10.330295972898679, TheVER FALCON,1.7538617739992333,3.456106496,120,251658240,503316480,620756992,2835349504,119.99977224718191,82.0815430799048,0.6840141572171394,-2.0,-4.0
silver_falcon,full_context, SILVER FALCON,5,-0.8171958953025751,-0.16343917906051503,1.177553733085042, SILVER FALCON,0.8189842370002225,0.0,0,0,0,0,0,0.0,0.0,1.0,-2.0,-6.0
silver_falcon,recent_only, SILVER FALCON,5,-36.847393214702606,-7.369478642940521,1586.8062746961953," VER
 FCON",1.7209623210001155,2.214592512,120,251658240,503316480,352321536,1862270976,119.99977224718191,1.593957418118407,0.013283003694666094,-2.0,-6.0
silver_falcon,sinks_recent, SILVER FALCON,5,-33.336958527565,-6.667391705513,786.34191603035," VER
 FIA",1.7208171240008596,2.214592512,120,251658240,503316480,352321536,1862270976,119.99977224718191,47.547897745074806,0.39623323323591914,-2.0,-6.0
silver_falcon,heavy_hitter, SILVER FALCON,5,-25.868786092847586,-5.173757218569517,176.5770312023831, TheVER.LYCON,1.7358683229995222,3.154116608,120,251658240,503316480,721420288,2432696320,119.99977224718191,67.99338804911167,0.5666126424728147,-2.0,-6.0
silver_falcon,sinks_heavy_hitter, SILVER FALCON,5,-14.591228989476804,-2.9182457978953606,18.508790805445237, TheVER FALCON,1.7319938689997798,3.456106496,120,251658240,503316480,620756992,2835349504,119.99977224718191,82.0815430799048,0.6840141572171394,-2.0,-6.0
silver_falcon,full_context, SILVER FALCON,5,-0.8171958953025751,-0.16343917906051503,1.177553733085042, SILVER FALCON,0.8399247639999885,0.0,0,0,0,0,0,0.0,0.0,1.0,-2.0,-8.0
silver_falcon,recent_only, SILVER FALCON,5,-44.84971308708191,-8.969942617416383,7863.150384653806, VER  FAL,1.7019502780003677,2.214592512,120,251658240,503316480,352321536,1862270976,119.99977224718191,1.593957418118407,0.013283003694666094,-2.0,-8.0
silver_falcon,sinks_recent, SILVER FALCON,5,-42.09273225069046,-8.418546450138091,4530.31363028083, VER  FAL,1.7394683390002683,2.214592512,120,251658240,503316480,352321536,1862270976,119.99977224718191,47.547897745074806,0.39623323323591914,-2.0,-8.0
silver_falcon,heavy_hitter, SILVER FALCON,5,-25.815385192632675,-5.163077038526535,174.7011917002903, TheVER.LYCON,1.7292288560001907,3.154116608,120,251658240,503316480,721420288,2432696320,119.99977224718191,67.99338804911167,0.5666126424728147,-2.0,-8.0
silver_falcon,sinks_heavy_hitter, SILVER FALCON,5,-14.217974278028123,-2.8435948556056245,17.17740496887954, TheVER FALCON,1.7252841460003765,3.456106496,120,251658240,503316480,620756992,2835349504,119.99977224718191,82.0815430799048,0.6840141572171394,-2.0,-8.0
silver_falcon,full_context, SILVER FALCON,5,-0.8171958953025751,-0.16343917906051503,1.177553733085042, SILVER FALCON,0.8361147270006768,0.0,0,0,0,0,0,0.0,0.0,1.0,-4.0,-4.0
silver_falcon,recent_only, SILVER FALCON,5,-21.867973566055298,-4.37359471321106,79.32828219861956," ""VER
IVECON",1.7097279660001732,2.214592512,120,251658240,503316480,352321536,1862270976,119.99977224718191,1.593957418118407,0.013283003694666094,-4.0,-4.0
silver_falcon,sinks_recent, SILVER FALCON,5,-23.98145866394043,-4.796291732788086,121.06065884960226, TheVER FACTLOWAN,1.7118848309992245,2.214592512,120,251658240,503316480,352321536,1862270976,119.99977224718191,47.547897745074806,0.39623323323591914,-4.0,-4.0
silver_falcon,heavy_hitter, SILVER FALCON,5,-28.593983560800552,-5.718796712160111,304.5382552184492," TheVER.
IVECON",1.699480252000285,3.154116608,120,251658240,503316480,721420288,2432696320,119.99977224718191,67.99338804911167,0.5666126424728147,-4.0,-4.0
silver_falcon,sinks_heavy_hitter, SILVER FALCON,5,-13.377712754067034,-2.6755425508134065,14.520225663124862, TheVER FALCON,1.7386093470004198,3.456106496,120,251658240,503316480,620756992,2835349504,119.99977224718191,82.0815430799048,0.6840141572171394,-4.0,-4.0
silver_falcon,full_context, SILVER FALCON,5,-0.8171958953025751,-0.16343917906051503,1.177553733085042, SILVER FALCON,0.8242205169999579,0.0,0,0,0,0,0,0.0,0.0,1.0,-4.0,-6.0
silver_falcon,recent_only, SILVER FALCON,5,-37.255500853061676,-7.451100170612335,1721.75632948751," VER
 FCON",1.6968659919994025,2.214592512,120,251658240,503316480,352321536,1862270976,119.99977224718191,1.593957418118407,0.013283003694666094,-4.0,-6.0
silver_falcon,sinks_recent, SILVER FALCON,5,-34.47205698490143,-6.894411396980286,986.7447529089856," VER
 FLO",1.6986449259993606,2.214592512,120,251658240,503316480,352321536,1862270976,119.99977224718191,47.547897745074806,0.39623323323591914,-4.0,-6.0
silver_falcon,heavy_hitter, SILVER FALCON,5,-29.35553128272295,-5.87110625654459,354.6410873661344," TheVER
LOWCON",1.701909947999411,3.154116608,120,251658240,503316480,721420288,2432696320,119.99977224718191,67.99338804911167,0.5666126424728147,-4.0,-6.0
silver_falcon,sinks_heavy_hitter, SILVER FALCON,5,-15.316514536738396,-3.063302907347679,21.3981165687313, TheVER FALCON,1.706067967999843,3.456106496,120,251658240,503316480,620756992,2835349504,119.99977224718191,82.0815430799048,0.6840141572171394,-4.0,-6.0
silver_falcon,full_context, SILVER FALCON,5,-0.8171958953025751,-0.16343917906051503,1.177553733085042, SILVER FALCON,0.8569881240000541,0.0,0,0,0,0,0,0.0,0.0,1.0,-4.0,-8.0
silver_falcon,recent_only, SILVER FALCON,5,-45.46362429857254,-9.092724859714508,8890.378110466989," VER  F
",1.7214463680002154,2.214592512,120,251658240,503316480,352321536,1862270976,119.99977224718191,1.593957418118407,0.013283003694666094,-4.0,-8.0
silver_falcon,sinks_recent, SILVER FALCON,5,-42.229445695877075,-8.445889139175415,4655.893610517361," VER
 FAL",1.7270103600003495,2.214592512,120,251658240,503316480,352321536,1862270976,119.99977224718191,47.547897745074806,0.39623323323591914,-4.0,-8.0
silver_falcon,heavy_hitter, SILVER FALCON,5,-29.03292341530323,-5.806584683060646,332.4816541419149, TheVER.LOWCON,1.7037337840001783,3.154116608,120,251658240,503316480,721420288,2432696320,119.99977224718191,67.99338804911167,0.5666126424728147,-4.0,-8.0
silver_falcon,sinks_heavy_hitter, SILVER FALCON,5,-15.9550117906183,-3.19100235812366,24.31278535128724, TheVER FALCON,1.7074989449993154,3.456106496,120,251658240,503316480,620756992,2835349504,119.99977224718191,82.0815430799048,0.6840141572171394,-4.0,-8.0
red_lantern,full_context, RED LANTERN,4,-0.7792045478709042,-0.19480113696772605,1.2150693300908602, RED LANTERN,0.6724628219999431,0.0,0,0,0,0,0,0.0,0.0,1.0,-0.5,-2.0
red_lantern,recent_only, RED LANTERN,4,-3.2564617726020515,-0.8141154431505129,2.2571781866096194, The LANTERN,1.3713568519997352,2.197815296,96,251658240,503316480,352321536,1845493760,95.99954774903762,1.3175760996523422,0.013724815694931758,-0.5,-2.0
red_lantern,sinks_recent, RED LANTERN,4,-5.191426680423319,-1.2978566701058298,3.6614405764859295, The LANTERN,1.3596694279995063,2.197815296,96,251658240,503316480,352321536,1845493760,95.99954774903762,37.342606125498605,0.38898731297276307,-0.5,-2.0
red_lantern,heavy_hitter, RED LANTERN,4,-5.967145620845258,-1.4917864052113146,4.445029053705961, The LANTERN,1.365421203000551,3.137339392,96,251658240,503316480,687865856,2449473536,95.99954774903762,52.89190587113262,0.5509599483677031,-0.5,-2.0
red_lantern,sinks_heavy_hitter, RED LANTERN,4,-3.2351510633016005,-0.8087877658254001,2.2451846467900043, The LANTERN,1.3734798629993747,3.506438144,96,251658240,503316480,620756992,2885681152,95.99954774903762,64.38070504075404,0.6706355035031865,-0.5,-2.0
red_lantern,full_context, RED LANTERN,4,-0.7792045478709042,-0.19480113696772605,1.2150693300908602, RED LANTERN,0.6562574199997471,0.0,0,0,0,0,0,0.0,0.0,1.0,-0.5,-4.0
red_lantern,recent_only, RED LANTERN,4,-27.383944988250732,-6.845986247062683,940.0999948089351, UND E_SIZE,1.369644571000208,2.197815296,96,251658240,503316480,352321536,1845493760,95.99954774903762,1.3175760996523422,0.013724815694931758,-0.5,-4.0
red_lantern,sinks_recent, RED LANTERN,4,-28.43277597427368,-7.10819399356842,1221.9387229250851, TheUNDATE_SIZE,1.4032942429994364,2.197815296,96,251658240,503316480,352321536,1845493760,95.99954774903762,37.342606125498605,0.38898731297276307,-0.5,-4.0
red_lantern,heavy_hitter, RED LANTERN,4,-26.972468733787537,-6.743117183446884,848.200616138127, TheHVSERN,1.3691921050003657,3.137339392,96,251658240,503316480,687865856,2449473536,95.99954774903762,52.89190587113262,0.5509599483677031,-0.5,-4.0
red_lantern,sinks_heavy_hitter, RED LANTERN,4,-20.891492836060934,-5.222873209015233,185.46630271355323, BackupERNANTERN,1.390661137999814,3.506438144,96,251658240,503316480,620756992,2885681152,95.99954774903762,64.38070504075404,0.6706355035031865,-0.5,-4.0
red_lantern,full_context, RED LANTERN,4,-0.7792045478709042,-0.19480113696772605,1.2150693300908602, RED LANTERN,0.6577506289995654,0.0,0,0,0,0,0,0.0,0.0,1.0,-0.5,-6.0
red_lantern,recent_only, RED LANTERN,4,-36.77300453186035,-9.193251132965088,9830.559537792942, UND LH,1.397067428999435,2.197815296,96,251658240,503316480,352321536,1845493760,95.99954774903762,1.3175760996523422,0.013724815694931758,-0.5,-6.0
red_lantern,sinks_recent, RED LANTERN,4,-37.7686185836792,-9.4421546459198,12608.855277837589, UND L:,1.3896561259998634,2.197815296,96,251658240,503316480,352321536,1845493760,95.99954774903762,37.342606125498605,0.38898731297276307,-0.5,-6.0
red_lantern,heavy_hitter, RED LANTERN,4,-27.11312708258629,-6.778281770646572,878.5578625680415, TheHITEERN,1.3831299769999532,3.137339392,96,251658240,503316480,687865856,2449473536,95.99954774903762,52.89190587113262,0.5509599483677031,-0.5,-6.0
red_lantern,sinks_heavy_hitter, RED LANTERN,4,-25.098853451025207,-6.274713362756302,530.9741629727271, BackupERNANTERN,1.3913571869998123,3.506438144,96,251658240,503316480,620756992,2885681152,95.99954774903762,64.38070504075404,0.6706355035031865,-0.5,-6.0
red_lantern,full_context, RED LANTERN,4,-0.7792045478709042,-0.19480113696772605,1.2150693300908602, RED LANTERN,0.660147235000295,0.0,0,0,0,0,0,0.0,0.0,1.0,-0.5,-8.0
red_lantern,recent_only, RED LANTERN,4,-36.17590284347534,-9.043975710868835,8467.374056839604, UND L is,1.377326164999431,2.197815296,96,251658240,503316480,352321536,1845493760,95.99954774903762,1.3175760996523422,0.013724815694931758,-0.5,-8.0
red_lantern,sinks_recent, RED LANTERN,4,-34.69813013076782,-8.674532532691956,5851.963545383503, UND L:,1.3874287489998096,2.197815296,96,251658240,503316480,352321536,1845493760,95.99954774903762,37.342606125498605,0.38898731297276307,-0.5,-8.0
red_lantern,heavy_hitter, RED LANTERN,4,-27.308795422315598,-6.827198855578899,922.6028457227371, TheHITEERN,1.3825790730006702,3.137339392,96,251658240,503316480,687865856,2449473536,95.99954774903762,52.89190587113262,0.5509599483677031,-0.5,-8.0
red_lantern,sinks_heavy_hitter, RED LANTERN,4,-24.770729839103296,-6.192682459775824,489.1564905119885, BackupERNANTERN,1.3619397850006862,3.506438144,96,251658240,503316480,620756992,2885681152,95.99954774903762,64.38070504075404,0.6706355035031865,-0.5,-8.0
red_lantern,full_context, RED LANTERN,4,-0.7792045478709042,-0.19480113696772605,1.2150693300908602, RED LANTERN,0.6874619090003762,0.0,0,0,0,0,0,0.0,0.0,1.0,-1.0,-2.0
red_lantern,recent_only, RED LANTERN,4,-3.3705737164709717,-0.8426434291177429,2.3224982288897813, The LANTERN,1.3672459680001339,2.197815296,96,251658240,503316480,352321536,1845493760,95.99954774903762,1.3175760996523422,0.013724815694931758,-1.0,-2.0
red_lantern,sinks_recent, RED LANTERN,4,-4.7996918288990855,-1.1999229572247714,3.3198611415679085, The LANTERN,1.4086635459998433,2.197815296,96,251658240,503316480,352321536,1845493760,95.99954774903762,37.342606125498605,0.38898731297276307,-1.0,-2.0
red_lantern,heavy_hitter, RED LANTERN,4,-4.645692486781627,-1.1614231216954067,3.1944761711478473, The LANTERN,1.3745726039996953,3.137339392,96,251658240,503316480,687865856,2449473536,95.99954774903762,52.89190587113262,0.5509599483677031,-1.0,-2.0
red_lantern,sinks_heavy_hitter, RED LANTERN,4,-4.181381986127235,-1.0453454965318087,2.844381077704976, The LANTERN,1.3705157099993812,3.506438144,96,251658240,503316480,620756992,2885681152,95.99954774903762,64.38070504075404,0.6706355035031865,-1.0,-2.0
red_lantern,full_context, RED LANTERN,4,-0.7792045478709042,-0.19480113696772605,1.2150693300908602, RED LANTERN,0.6898356970004897,0.0,0,0,0,0,0,0.0,0.0,1.0,-1.0,-4.0
red_lantern,recent_only, RED LANTERN,4,-25.924248218536377,-6.481062054634094,652.66374286475, UND E_SIZE,1.3934860780000236,2.197815296,96,251658240,503316480,352321536,1845493760,95.99954774903762,1.3175760996523422,0.013724815694931758,-1.0,-4.0
red_lantern,sinks_recent, RED LANTERN,4,-27.178297996520996,-6.794574499130249,892.9892110657735," TheUND
_SIZE",1.40067469800033,2.197815296,96,251658240,503316480,352321536,1845493760,95.99954774903762,37.342606125498605,0.38898731297276307,-1.0,-4.0
red_lantern,heavy_hitter, RED LANTERN,4,-26.94149488210678,-6.735373720526695,841.6579701784269, BackupHADERN,1.3621272450000106,3.137339392,96,251658240,503316480,687865856,2449473536,95.99954774903762,52.89190587113262,0.5509599483677031,-1.0,-4.0
red_lantern,sinks_heavy_hitter, RED LANTERN,4,-19.41191508254269,-4.852978770635673,128.12146645642338, BackupERNANTERN,1.4125486869997985,3.506438144,96,251658240,503316480,620756992,2885681152,95.99954774903762,64.38070504075404,0.6706355035031865,-1.0,-4.0
red_lantern,full_context, RED LANTERN,4,-0.7792045478709042,-0.19480113696772605,1.2150693300908602, RED LANTERN,0.6606869910001478,0.0,0,0,0,0,0,0.0,0.0,1.0,-1.0,-6.0
red_lantern,recent_only, RED LANTERN,4,-37.674002170562744,-9.418500542640686,12314.103895743892, UCE L is,1.4147716890001902,2.197815296,96,251658240,503316480,352321536,1845493760,95.99954774903762,1.3175760996523422,0.013724815694931758,-1.0,-6.0
red_lantern,sinks_recent, RED LANTERN,4,-37.47767353057861,-9.369418382644653,11724.294051149322, UCE L:,1.374258822000229,2.197815296,96,251658240,503316480,352321536,1845493760,95.99954774903762,37.342606125498605,0.38898731297276307,-1.0,-6.0
red_lantern,heavy_hitter, RED LANTERN,4,-27.053099811077118,-6.7632749527692795,865.4719393463265, TheHADERN,1.3687832630002958,3.137339392,96,251658240,503316480,687865856,2449473536,95.99954774903762,52.89190587113262,0.5509599483677031,-1.0,-6.0
red_lantern,sinks_heavy_hitter, RED LANTERN,4,-23.6493696232792,-5.9123424058198,369.57082716429795, BackupERNANTERN,1.3699605430001611,3.506438144,96,251658240,503316480,620756992,2885681152,95.99954774903762,64.38070504075404,0.6706355035031865,-1.0,-6.0
red_lantern,full_context, RED LANTERN,4,-0.7792045478709042,-0.19480113696772605,1.2150693300908602, RED LANTERN,0.6828259899994009,0.0,0,0,0,0,0,0.0,0.0,1.0,-1.0,-8.0
red_lantern,recent_only, RED LANTERN,4,-36.2567834854126,-9.06419587135315,8640.328408796911, UCE L is,1.394140274000165,2.197815296,96,251658240,503316480,352321536,1845493760,95.99954774903762,1.3175760996523422,0.013724815694931758,-1.0,-8.0
red_lantern,sinks_recent, RED LANTERN,4,-35.94320774078369,-8.985801935195923,7988.848695475999, UCE L:,1.3801317119996384,2.197815296,96,251658240,503316480,352321536,1845493760,95.99954774903762,37.342606125498605,0.38898731297276307,-1.0,-8.0
red_lantern,heavy_hitter, RED LANTERN,4,-27.17604559659958,-6.794011399149895,892.4865104072143, TheHADERN,1.4017884639997646,3.137339392,96,251658240,503316480,687865856,2449473536,95.99954774903762,52.89190587113262,0.5509599483677031,-1.0,-8.0
red_lantern,sinks_heavy_hitter, RED LANTERN,4,-22.89095711830305,-5.722739279575762,305.7412877804708, BackupERNANTERN,1.3813033649994395,3.506438144,96,251658240,503316480,620756992,2885681152,95.99954774903762,64.38070504075404,0.6706355035031865,-1.0,-8.0
red_lantern,full_context, RED LANTERN,4,-0.7792045478709042,-0.19480113696772605,1.2150693300908602, RED LANTERN,0.6822277040000699,0.0,0,0,0,0,0,0.0,0.0,1.0,-2.0,-2.0
red_lantern,recent_only, RED LANTERN,4,-3.744709318038076,-0.936177329509519,2.5502141333552193, The LANTERN,1.3752446050002618,2.197815296,96,251658240,503316480,352321536,1845493760,95.99954774903762,1.3175760996523422,0.013724815694931758,-2.0,-2.0
red_lantern,sinks_recent, RED LANTERN,4,-4.437065162695944,-1.109266290673986,3.032132873925625, The LANTERN,1.3872559310002543,2.197815296,96,251658240,503316480,352321536,1845493760,95.99954774903762,37.342606125498605,0.38898731297276307,-2.0,-2.0
red_lantern,heavy_hitter, RED LANTERN,4,-6.728075372171588,-1.682018843042897,5.3763991280987495, The LANTERN,1.3964594769995529,3.137339392,96,251658240,503316480,687865856,2449473536,95.99954774903762,52.89190587113262,0.5509599483677031,-2.0,-2.0
red_lantern,sinks_heavy_hitter, RED LANTERN,4,-7.765810103737749,-1.9414525259344373,6.968866081345299, The LANTERN,1.3538318560003972,3.506438144,96,251658240,503316480,620756992,2885681152,95.99954774903762,64.38070504075404,0.6706355035031865,-2.0,-2.0
red_lantern,full_context, RED LANTERN,4,-0.7792045478709042,-0.19480113696772605,1.2150693300908602, RED LANTERN,0.6824936299999536,0.0,0,0,0,0,0,0.0,0.0,1.0,-2.0,-4.0
red_lantern,recent_only, RED LANTERN,4,-23.78933811187744,-5.94733452796936,382.73181729283476," ""UCE E_SIZE",1.3700985420000507,2.197815296,96,251658240,503316480,352321536,1845493760,95.99954774903762,1.3175760996523422,0.013724815694931758,-2.0,-4.0
red_lantern,sinks_recent, RED LANTERN,4,-25.772640705108643,-6.443160176277161,628.3894868903974, TheUND E_SIZE,1.3841214479998598,2.197815296,96,251658240,503316480,352321536,1845493760,95.99954774903762,37.342606125498605,0.38898731297276307,-2.0,-4.0
red_lantern,heavy_hitter, RED LANTERN,4,-26.933082789182663,-6.733270697295666,839.8898038137046, TheHADERN,1.3579944749999413,3.137339392,96,251658240,503316480,687865856,2449473536,95.99954774903762,52.89190587113262,0.5509599483677031,-2.0,-4.0
red_lantern,sinks_heavy_hitter, RED LANTERN,4,-19.25145889702253,-4.812864724255633,123.08371384755468, TheERNANTERN,1.380953337000392,3.506438144,96,251658240,503316480,620756992,2885681152,95.99954774903762,64.38070504075404,0.6706355035031865,-2.0,-4.0
red_lantern,full_context, RED LANTERN,4,-0.7792045478709042,-0.19480113696772605,1.2150693300908602, RED LANTERN,0.6831526349997148,0.0,0,0,0,0,0,0.0,0.0,1.0,-2.0,-6.0
red_lantern,recent_only, RED LANTERN,4,-38.639729022979736,-9.659932255744934,15676.722624219827,  GREEN L is,1.3635764789996756,2.197815296,96,251658240,503316480,352321536,1845493760,95.99954774903762,1.3175760996523422,0.013724815694931758,-2.0,-6.0
red_lantern,sinks_recent, RED LANTERN,4,-37.5543794631958,-9.38859486579895,11951.294355943128, UCE L:,1.3681603199993333,2.197815296,96,251658240,503316480,352321536,1845493760,95.99954774903762,37.342606125498605,0.38898731297276307,-2.0,-6.0
red_lantern,heavy_hitter, RED LANTERN,4,-28.01147648692131,-7.002869121730328,1099.7840504383967, TheHADERN,1.3872587369996836,3.137339392,96,251658240,503316480,687865856,2449473536,95.99954774903762,52.89190587113262,0.5509599483677031,-2.0,-6.0
red_lantern,sinks_heavy_hitter, RED LANTERN,4,-22.684414291754365,-5.671103572938591,290.3547853327803, TheONANTERN,1.4098690860000715,3.506438144,96,251658240,503316480,620756992,2885681152,95.99954774903762,64.38070504075404,0.6706355035031865,-2.0,-6.0
red_lantern,full_context, RED LANTERN,4,-0.7792045478709042,-0.19480113696772605,1.2150693300908602, RED LANTERN,0.6639494379996904,0.0,0,0,0,0,0,0.0,0.0,1.0,-2.0,-8.0
red_lantern,recent_only, RED LANTERN,4,-39.28933143615723,-9.822332859039307,18441.02090222493,  GREEN L is,1.397256185000515,2.197815296,96,251658240,503316480,352321536,1845493760,95.99954774903762,1.3175760996523422,0.013724815694931758,-2.0,-8.0
red_lantern,sinks_recent, RED LANTERN,4,-37.12667751312256,-9.28166937828064,10739.34498971367, UCE L:,1.3819699200003015,2.197815296,96,251658240,503316480,352321536,1845493760,95.99954774903762,37.342606125498605,0.38898731297276307,-2.0,-8.0
red_lantern,heavy_hitter, RED LANTERN,4,-28.289321571588516,-7.072330392897129,1178.89211742827, TheHADERN,1.3803066270002091,3.137339392,96,251658240,503316480,687865856,2449473536,95.99954774903762,52.89190587113262,0.5509599483677031,-2.0,-8.0
red_lantern,sinks_heavy_hitter, RED LANTERN,4,-22.16252669109963,-5.540631672774907,254.83892343747775, TheONANTERN,1.4083836259997042,3.506438144,96,251658240,503316480,620756992,2885681152,95.99954774903762,64.38070504075404,0.6706355035031865,-2.0,-8.0
red_lantern,full_context, RED LANTERN,4,-0.7792045478709042,-0.19480113696772605,1.2150693300908602, RED LANTERN,0.6772869110000102,0.0,0,0,0,0,0,0.0,0.0,1.0,-4.0,-4.0
red_lantern,recent_only, RED LANTERN,4,-22.367014408111572,-5.591753602027893,268.20553333963994," ""

 EING",1.3894125990000248,2.197815296,96,251658240,503316480,352321536,1845493760,95.99954774903762,1.3175760996523422,0.013724815694931758,-4.0,-4.0
red_lantern,sinks_recent, RED LANTERN,4,-24.633850574493408,-6.158462643623352,472.7008063437688, TheUCE E_SIZE,1.3668874179993509,2.197815296,96,251658240,503316480,352321536,1845493760,95.99954774903762,37.342606125498605,0.38898731297276307,-4.0,-4.0
red_lantern,heavy_hitter, RED LANTERN,4,-32.04134625196457,-8.010336562991142,3011.9306467013957, TheHOSTERN,1.3963481860000684,3.137339392,96,251658240,503316480,687865856,2449473536,95.99954774903762,52.89190587113262,0.5509599483677031,-4.0,-4.0
red_lantern,sinks_heavy_hitter, RED LANTERN,4,-20.79825995117426,-5.199564987793565,181.19340338634336, TheISTANTERN,1.3756209670000317,3.506438144,96,251658240,503316480,620756992,2885681152,95.99954774903762,64.38070504075404,0.6706355035031865,-4.0,-4.0
red_lantern,full_context, RED LANTERN,4,-0.7792045478709042,-0.19480113696772605,1.2150693300908602, RED LANTERN,0.6813599329998397,0.0,0,0,0,0,0,0.0,0.0,1.0,-4.0,-6.0
red_lantern,recent_only, RED LANTERN,4,-39.402411460876465,-9.850602865219116,18969.787580631677,"  GREEN L

",1.3747958240001026,2.197815296,96,251658240,503316480,352321536,1845493760,95.99954774903762,1.3175760996523422,0.013724815694931758,-4.0,-6.0
red_lantern,sinks_recent, RED LANTERN,4,-36.617024421691895,-9.154256105422974,9454.59461923463,  GREEN L:,1.3839265639999212,2.197815296,96,251658240,503316480,352321536,1845493760,95.99954774903762,37.342606125498605,0.38898731297276307,-4.0,-6.0
red_lantern,heavy_hitter, RED LANTERN,4,-33.067134618759155,-8.266783654689789,3892.4095042479885, TheHITEERN,1.4081206629998633,3.137339392,96,251658240,503316480,687865856,2449473536,95.99954774903762,52.89190587113262,0.5509599483677031,-4.0,-6.0
red_lantern,sinks_heavy_hitter, RED LANTERN,4,-22.209908014163375,-5.552477003540844,257.87552404106617, TheISTANTERN,1.3658447779998824,3.506438144,96,251658240,503316480,620756992,2885681152,95.99954774903762,64.38070504075404,0.6706355035031865,-4.0,-6.0
red_lantern,full_context, RED LANTERN,4,-0.7792045478709042,-0.19480113696772605,1.2150693300908602, RED LANTERN,0.6927979329993832,0.0,0,0,0,0,0,0.0,0.0,1.0,-4.0,-8.0
red_lantern,recent_only, RED LANTERN,4,-40.384764671325684,-10.096191167831421,24250.467337548573,"  GREEN L
",1.3683424370001376,2.197815296,96,251658240,503316480,352321536,1845493760,95.99954774903762,1.3175760996523422,0.013724815694931758,-4.0,-8.0
red_lantern,sinks_recent, RED LANTERN,4,-37.52263307571411,-9.380658268928528,11856.81716019096,  GREEN L:,1.3936867920001532,2.197815296,96,251658240,503316480,352321536,1845493760,95.99954774903762,37.342606125498605,0.38898731297276307,-4.0,-8.0
red_lantern,heavy_hitter, RED LANTERN,4,-32.89176931977272,-8.22294232994318,3725.4477686676255, TheHITEERN,1.383905317999961,3.137339392,96,251658240,503316480,687865856,2449473536,95.99954774903762,52.89190587113262,0.5509599483677031,-4.0,-8.0
red_lantern,sinks_heavy_hitter, RED LANTERN,4,-21.881530825048685,-5.470382706262171,237.55108765586616, TheMONANTERN,1.388218436999523,3.506438144,96,251658240,503316480,620756992,2885681152,95.99954774903762,64.38070504075404,0.6706355035031865,-4.0,-8.0
black_river,full_context, BLACK RIVER,3,-0.1864898134372197,-0.062163271145739905,1.064136073261124, BLACK RIVER,0.5092982739997751,0.0,0,0,0,0,0,0.0,0.0,1.0,-0.5,-2.0
black_river,recent_only, BLACK RIVER,3,-4.617378608556464,-1.5391262028521548,4.660516145552287, The RIVER,1.0572867179998866,2.097152,72,251658240,503316480,318767104,1778384896,71.9998716135998,0.9310838019584935,0.012931742530810631,-0.5,-2.0
black_river,sinks_recent, BLACK RIVER,3,-7.591266682720743,-2.530422227573581,12.558807692256966, The RIVER,1.0736358149997614,2.097152,72,251658240,503316480,318767104,1778384896,71.9998716135998,26.752637664379108,0.3715650745594649,-0.5,-2.0
black_river,heavy_hitter, BLACK RIVER,3,-3.3692040538880974,-1.123068017962699,3.074271670133465, The RIVER,1.0988235810000333,2.801795072,72,251658240,503316480,553648128,2248146944,71.9998716135998,37.1953016608104,0.5166023331322818,-0.5,-2.0
black_river,sinks_heavy_hitter, BLACK RIVER,3,-5.509669976803707,-1.836556658934569,6.274894417215702, The RIVER,1.0814230169999064,3.070230528,72,251658240,503316480,553648128,2516582400,71.9998716135998,46.487018433371304,0.6456541850914987,-0.5,-2.0
black_river,full_context, BLACK RIVER,3,-0.1864898134372197,-0.062163271145739905,1.064136073261124, BLACK RIVER,0.5212851910000609,0.0,0,0,0,0,0,0.0,0.0,1.0,-0.5,-4.0
black_river,recent_only, BLACK RIVER,3,-22.6141414642334,-7.538047154744466,1878.1586882694983," "" TEXTOLL",1.1092819769992275,2.097152,72,251658240,503316480,318767104,1778384896,71.9998716135998,0.9310838019584935,0.012931742530810631,-0.5,-4.0
black_river,sinks_recent, BLACK RIVER,3,-24.764381885528564,-8.254793961842855,3846.0193673283893, The TEXTOLL,1.064454702999683,2.097152,72,251658240,503316480,318767104,1778384896,71.9998716135998,26.752637664379108,0.3715650745594649,-0.5,-4.0
black_river,heavy_hitter, BLACK RIVER,3,-23.89134192466736,-7.963780641555786,2874.9214800047253, TheOUTAIN,1.0511356310007614,2.801795072,72,251658240,503316480,553648128,2248146944,71.9998716135998,37.1953016608104,0.5166023331322818,-0.5,-4.0
black_river,sinks_heavy_hitter, BLACK RIVER,3,-13.088884758326458,-4.36296158610882,78.48924320072148, The RIVER,1.0898118830000385,3.070230528,72,251658240,503316480,553648128,2516582400,71.9998716135998,46.487018433371304,0.6456541850914987,-0.5,-4.0
black_river,full_context, BLACK RIVER,3,-0.1864898134372197,-0.062163271145739905,1.064136073261124, BLACK RIVER,0.5541150319995722,0.0,0,0,0,0,0,0.0,0.0,1.0,-0.5,-6.0
black_river,recent_only, BLACK RIVER,3,-27.988450050354004,-9.329483350118002,11265.309760798682," 

 R",1.0818972990000475,2.097152,72,251658240,503316480,318767104,1778384896,71.9998716135998,0.9310838019584935,0.012931742530810631,-0.5,-6.0
black_river,sinks_recent, BLACK RIVER,3,-25.732054710388184,-8.577351570129395,5310.023660846722,  TEXTationale,1.1177112240002316,2.097152,72,251658240,503316480,318767104,1778384896,71.9998716135998,26.752637664379108,0.3715650745594649,-0.5,-6.0
black_river,heavy_hitter, BLACK RIVER,3,-25.188971996307373,-8.396323998769125,4430.749334651496, TheOUTAIN,1.0864147500005856,2.801795072,72,251658240,503316480,553648128,2248146944,71.9998716135998,37.1953016608104,0.5166023331322818,-0.5,-6.0
black_river,sinks_heavy_hitter, BLACK RIVER,3,-13.92507872270653,-4.641692907568843,103.71978705251853, The RIVER,1.0518624240003192,3.070230528,72,251658240,503316480,553648128,2516582400,71.9998716135998,46.487018433371304,0.6456541850914987,-0.5,-6.0
black_river,full_context, BLACK RIVER,3,-0.1864898134372197,-0.062163271145739905,1.064136073261124, BLACK RIVER,0.5589557719995355,0.0,0,0,0,0,0,0.0,0.0,1.0,-0.5,-8.0
black_river,recent_only, BLACK RIVER,3,-28.725812911987305,-9.575270970662435,14404.140380536483,  OUTationale,1.1144743229997403,2.097152,72,251658240,503316480,318767104,1778384896,71.9998716135998,0.9310838019584935,0.012931742530810631,-0.5,-8.0
black_river,sinks_recent, BLACK RIVER,3,-26.90545082092285,-8.968483606974283,7851.686331255246,  TEXTationale,1.0595781319998423,2.097152,72,251658240,503316480,318767104,1778384896,71.9998716135998,26.752637664379108,0.3715650745594649,-0.5,-8.0
black_river,heavy_hitter, BLACK RIVER,3,-25.31303095817566,-8.437676986058554,4617.8152658885765, TheOUTAIN,1.061268368999663,2.801795072,72,251658240,503316480,553648128,2248146944,71.9998716135998,37.1953016608104,0.5166023331322818,-0.5,-8.0
black_river,sinks_heavy_hitter, BLACK RIVER,3,-13.969406478252495,-4.656468826084165,105.2637206024012, The RIVER,1.0864543259995116,3.070230528,72,251658240,503316480,553648128,2516582400,71.9998716135998,46.487018433371304,0.6456541850914987,-0.5,-8.0
black_river,full_context, BLACK RIVER,3,-0.1864898134372197,-0.062163271145739905,1.064136073261124, BLACK RIVER,0.4858270590002576,0.0,0,0,0,0,0,0.0,0.0,1.0,-1.0,-2.0
black_river,recent_only, BLACK RIVER,3,-3.6515527730225585,-1.2171842576741863,3.3776637006581947, The RIVER,1.055263441000534,2.097152,72,251658240,503316480,318767104,1778384896,71.9998716135998,0.9310838019584935,0.012931742530810631,-1.0,-2.0
black_river,sinks_recent, BLACK RIVER,3,-7.5538617125712335,-2.5179539041904113,12.403192562500381, The RIVER,1.057540221000636,2.097152,72,251658240,503316480,318767104,1778384896,71.9998716135998,26.752637664379108,0.3715650745594649,-1.0,-2.0
black_river,heavy_hitter, BLACK RIVER,3,-2.1532227494753897,-0.7177409164917966,2.049797312870712, The RIVER,1.0336808860001838,2.801795072,72,251658240,503316480,553648128,2248146944,71.9998716135998,37.1953016608104,0.5166023331322818,-1.0,-2.0
black_river,sinks_heavy_hitter, BLACK RIVER,3,-6.5387007475073915,-2.1795669158357973,8.842475893063767, The RIVER,1.0497663300002387,3.070230528,72,251658240,503316480,553648128,2516582400,71.9998716135998,46.487018433371304,0.6456541850914987,-1.0,-2.0
black_river,full_context, BLACK RIVER,3,-0.1864898134372197,-0.062163271145739905,1.064136073261124, BLACK RIVER,0.5202206549993207,0.0,0,0,0,0,0,0.0,0.0,1.0,-1.0,-4.0
black_river,recent_only, BLACK RIVER,3,-22.361376762390137,-7.453792254130046,1726.3976859801805," ""

 R",1.1093506449997221,2.097152,72,251658240,503316480,318767104,1778384896,71.9998716135998,0.9310838019584935,0.012931742530810631,-1.0,-4.0
black_river,sinks_recent, BLACK RIVER,3,-25.189931869506836,-8.39664395650228,4432.167213983418," The TEXT
",1.0592064039992692,2.097152,72,251658240,503316480,318767104,1778384896,71.9998716135998,26.752637664379108,0.3715650745594649,-1.0,-4.0
black_river,heavy_hitter, BLACK RIVER,3,-21.899474620819092,-7.299824873606364,1480.04071069525, TheOUTAIN,1.0508021810001082,2.801795072,72,251658240,503316480,553648128,2248146944,71.9998716135998,37.1953016608104,0.5166023331322818,-1.0,-4.0
black_river,sinks_heavy_hitter, BLACK RIVER,3,-13.37404693942517,-4.458015646475057,86.31605746937055, The RIVER,1.0495230080005058,3.070230528,72,251658240,503316480,553648128,2516582400,71.9998716135998,46.487018433371304,0.6456541850914987,-1.0,-4.0
black_river,full_context, BLACK RIVER,3,-0.1864898134372197,-0.062163271145739905,1.064136073261124, BLACK RIVER,0.5325457609997102,0.0,0,0,0,0,0,0.0,0.0,1.0,-1.0,-6.0
black_river,recent_only, BLACK RIVER,3,-28.721517086029053,-9.573839028676352,14383.529247647282," 

 R",1.0983786150000014,2.097152,72,251658240,503316480,318767104,1778384896,71.9998716135998,0.9310838019584935,0.012931742530810631,-1.0,-6.0
black_river,sinks_recent, BLACK RIVER,3,-26.5762996673584,-8.858766555786133,7035.799124565739," 

 R",1.0648923010003273,2.097152,72,251658240,503316480,318767104,1778384896,71.9998716135998,26.752637664379108,0.3715650745594649,-1.0,-6.0
black_river,heavy_hitter, BLACK RIVER,3,-24.510143041610718,-8.170047680536905,3533.512439376484, TheOUTAIN,1.0364703839995855,2.801795072,72,251658240,503316480,553648128,2248146944,71.9998716135998,37.1953016608104,0.5166023331322818,-1.0,-6.0
black_river,sinks_heavy_hitter, BLACK RIVER,3,-14.354642172605963,-4.7848807242019875,119.68708645969866, The RIVER,1.0191945050000868,3.070230528,72,251658240,503316480,553648128,2516582400,71.9998716135998,46.487018433371304,0.6456541850914987,-1.0,-6.0
black_river,full_context, BLACK RIVER,3,-0.1864898134372197,-0.062163271145739905,1.064136073261124, BLACK RIVER,0.5483282410004904,0.0,0,0,0,0,0,0.0,0.0,1.0,-1.0,-8.0
black_river,recent_only, BLACK RIVER,3,-28.62138557434082,-9.540461858113607,13911.371220739707," 

ationale",1.0904065539998555,2.097152,72,251658240,503316480,318767104,1778384896,71.9998716135998,0.9310838019584935,0.012931742530810631,-1.0,-8.0
black_river,sinks_recent, BLACK RIVER,3,-27.599154949188232,-9.199718316396078,9894.341592372386," 

 R",1.0141583810000157,2.097152,72,251658240,503316480,318767104,1778384896,71.9998716135998,26.752637664379108,0.3715650745594649,-1.0,-8.0
black_river,heavy_hitter, BLACK RIVER,3,-24.62360429763794,-8.207868099212646,3669.710661868117, TheOUTAIN,1.0213536909996037,2.801795072,72,251658240,503316480,553648128,2248146944,71.9998716135998,37.1953016608104,0.5166023331322818,-1.0,-8.0
black_river,sinks_heavy_hitter, BLACK RIVER,3,-14.406225686543621,-4.802075228847873,121.76284127042246, The RIVER,1.0591015090003566,3.070230528,72,251658240,503316480,553648128,2516582400,71.9998716135998,46.487018433371304,0.6456541850914987,-1.0,-8.0
black_river,full_context, BLACK RIVER,3,-0.1864898134372197,-0.062163271145739905,1.064136073261124, BLACK RIVER,0.5071069470004659,0.0,0,0,0,0,0,0.0,0.0,1.0,-2.0,-2.0
black_river,recent_only, BLACK RIVER,3,-2.452249903581105,-0.8174166345270351,2.2646418765307423, The RIVER,1.0804193200001464,2.097152,72,251658240,503316480,318767104,1778384896,71.9998716135998,0.9310838019584935,0.012931742530810631,-2.0,-2.0
black_river,sinks_recent, BLACK RIVER,3,-7.308973600273021,-2.43632453342434,11.430949365133914, The RIVER,1.0518834499998775,2.097152,72,251658240,503316480,318767104,1778384896,71.9998716135998,26.752637664379108,0.3715650745594649,-2.0,-2.0
black_river,heavy_hitter, BLACK RIVER,3,-1.9937954675406218,-0.6645984891802073,1.9437099440691257, The RIVER,0.9628616560003138,2.801795072,72,251658240,503316480,553648128,2248146944,71.9998716135998,37.1953016608104,0.5166023331322818,-2.0,-2.0
black_river,sinks_heavy_hitter, BLACK RIVER,3,-8.756586842268007,-2.9188622807560023,18.520204675614174, The RIVER,0.9490075799994884,3.070230528,72,251658240,503316480,553648128,2516582400,71.9998716135998,46.487018433371304,0.6456541850914987,-2.0,-2.0
black_river,full_context, BLACK RIVER,3,-0.1864898134372197,-0.062163271145739905,1.064136073261124, BLACK RIVER,0.46347665099983715,0.0,0,0,0,0,0,0.0,0.0,1.0,-2.0,-4.0
black_river,recent_only, BLACK RIVER,3,-22.023775100708008,-7.341258366902669,1542.652115157422," ""

 R",0.9418138740002178,2.097152,72,251658240,503316480,318767104,1778384896,71.9998716135998,0.9310838019584935,0.012931742530810631,-2.0,-4.0
black_river,sinks_recent, BLACK RIVER,3,-26.07935619354248,-8.693118731180826,5961.7463636883," The

 R",0.9669830849998107,2.097152,72,251658240,503316480,318767104,1778384896,71.9998716135998,26.752637664379108,0.3715650745594649,-2.0,-4.0
black_river,heavy_hitter, BLACK RIVER,3,-22.543048858642578,-7.514349619547526,1834.1741772552584, TheOUTAIN,0.9515715309998996,2.801795072,72,251658240,503316480,553648128,2248146944,71.9998716135998,37.1953016608104,0.5166023331322818,-2.0,-4.0
black_river,sinks_heavy_hitter, BLACK RIVER,3,-14.086959838517942,-4.69565327950598,109.47029999085117, The RIVER,0.9555453869998018,3.070230528,72,251658240,503316480,553648128,2516582400,71.9998716135998,46.487018433371304,0.6456541850914987,-2.0,-4.0
black_river,full_context, BLACK RIVER,3,-0.1864898134372197,-0.062163271145739905,1.064136073261124, BLACK RIVER,0.4563262819992815,0.0,0,0,0,0,0,0.0,0.0,1.0,-2.0,-6.0
black_river,recent_only, BLACK RIVER,3,-30.388861656188965,-10.129620552062988,25074.848026724303," 

 R",0.9921200569997382,2.097152,72,251658240,503316480,318767104,1778384896,71.9998716135998,0.9310838019584935,0.012931742530810631,-2.0,-6.0
black_river,sinks_recent, BLACK RIVER,3,-28.407057762145996,-9.469019254048666,12952.17820379428," 

 R",0.9941028210005243,2.097152,72,251658240,503316480,318767104,1778384896,71.9998716135998,26.752637664379108,0.3715650745594649,-2.0,-6.0
black_river,heavy_hitter, BLACK RIVER,3,-24.802642107009888,-8.267547369003296,3895.383328531957, TheOUTAIN,0.9738246360002449,2.801795072,72,251658240,503316480,553648128,2248146944,71.9998716135998,37.1953016608104,0.5166023331322818,-2.0,-6.0
black_river,sinks_heavy_hitter, BLACK RIVER,3,-14.851042483234778,-4.950347494411592,141.22402995708916, The RIVER,0.9759200449998389,3.070230528,72,251658240,503316480,553648128,2516582400,71.9998716135998,46.487018433371304,0.6456541850914987,-2.0,-6.0
black_river,full_context, BLACK RIVER,3,-0.1864898134372197,-0.062163271145739905,1.064136073261124, BLACK RIVER,0.46943732399995497,0.0,0,0,0,0,0,0.0,0.0,1.0,-2.0,-8.0
black_river,recent_only, BLACK RIVER,3,-28.90319538116455,-9.634398460388184,15281.503590335707," 

 R",0.970330133999596,2.097152,72,251658240,503316480,318767104,1778384896,71.9998716135998,0.9310838019584935,0.012931742530810631,-2.0,-8.0
black_river,sinks_recent, BLACK RIVER,3,-28.755002975463867,-9.585000991821289,14544.977031892086," 

 R",0.9383767039998929,2.097152,72,251658240,503316480,318767104,1778384896,71.9998716135998,26.752637664379108,0.3715650745594649,-2.0,-8.0
black_river,heavy_hitter, BLACK RIVER,3,-24.672529935836792,-8.22417664527893,3730.04898507284, TheOUTAIN,0.9410219649998908,2.801795072,72,251658240,503316480,553648128,2248146944,71.9998716135998,37.1953016608104,0.5166023331322818,-2.0,-8.0
black_river,sinks_heavy_hitter, BLACK RIVER,3,-14.597095320990775,-4.865698440330259,129.76153766032968, The RIVER,0.9362249770001654,3.070230528,72,251658240,503316480,553648128,2516582400,71.9998716135998,46.487018433371304,0.6456541850914987,-2.0,-8.0
black_river,full_context, BLACK RIVER,3,-0.1864898134372197,-0.062163271145739905,1.064136073261124, BLACK RIVER,0.4581074780007839,0.0,0,0,0,0,0,0.0,0.0,1.0,-4.0,-4.0
black_river,recent_only, BLACK RIVER,3,-21.084322929382324,-7.028107643127441,1127.894211047319," ""

 R",0.970838762999847,2.097152,72,251658240,503316480,318767104,1778384896,71.9998716135998,0.9310838019584935,0.012931742530810631,-4.0,-4.0
black_river,sinks_recent, BLACK RIVER,3,-26.165607929229736,-8.721869309743246,6135.637782339159," The

 R",0.9369663199995557,2.097152,72,251658240,503316480,318767104,1778384896,71.9998716135998,26.752637664379108,0.3715650745594649,-4.0,-4.0
black_river,heavy_hitter, BLACK RIVER,3,-23.00464677810669,-7.6682155927022295,2139.260724951531, TheOUTAIN,0.9555348539997794,2.801795072,72,251658240,503316480,553648128,2248146944,71.9998716135998,37.1953016608104,0.5166023331322818,-4.0,-4.0
black_river,sinks_heavy_hitter, BLACK RIVER,3,-19.811269379686564,-6.603756459895521,737.8617378008787, The OUTIVER,0.9586366240000643,3.070230528,72,251658240,503316480,553648128,2516582400,71.9998716135998,46.487018433371304,0.6456541850914987,-4.0,-4.0
black_river,full_context, BLACK RIVER,3,-0.1864898134372197,-0.062163271145739905,1.064136073261124, BLACK RIVER,0.4588404879996233,0.0,0,0,0,0,0,0.0,0.0,1.0,-4.0,-6.0
black_river,recent_only, BLACK RIVER,3,-31.788092613220215,-10.596030871073404,39975.85281061233,  BLACK R,0.9328803170001265,2.097152,72,251658240,503316480,318767104,1778384896,71.9998716135998,0.9310838019584935,0.012931742530810631,-4.0,-6.0
black_river,sinks_recent, BLACK RIVER,3,-29.24405288696289,-9.74801762898763,17120.256447397984,  BLACK R,0.9610322470007304,2.097152,72,251658240,503316480,318767104,1778384896,71.9998716135998,26.752637664379108,0.3715650745594649,-4.0,-6.0
black_river,heavy_hitter, BLACK RIVER,3,-24.325255870819092,-8.108418623606363,3322.3200350796265, TheOUTAIN,0.9474245910005266,2.801795072,72,251658240,503316480,553648128,2248146944,71.9998716135998,37.1953016608104,0.5166023331322818,-4.0,-6.0
black_river,sinks_heavy_hitter, BLACK RIVER,3,-19.675251308828592,-6.558417102942864,705.1546235459322, The BLACKIVER,0.9670717529998001,3.070230528,72,251658240,503316480,553648128,2516582400,71.9998716135998,46.487018433371304,0.6456541850914987,-4.0,-6.0
black_river,full_context, BLACK RIVER,3,-0.1864898134372197,-0.062163271145739905,1.064136073261124, BLACK RIVER,0.483111468000061,0.0,0,0,0,0,0,0.0,0.0,1.0,-4.0,-8.0
black_river,recent_only, BLACK RIVER,3,-29.802728176116943,-9.934242725372314,20624.65998254729," 
 R",0.9606031969997275,2.097152,72,251658240,503316480,318767104,1778384896,71.9998716135998,0.9310838019584935,0.012931742530810631,-4.0,-8.0
black_river,sinks_recent, BLACK RIVER,3,-29.36653995513916,-9.788846651713053,17833.72580468296,  BLACK R,0.9559281699994244,2.097152,72,251658240,503316480,318767104,1778384896,71.9998716135998,26.752637664379108,0.3715650745594649,-4.0,-8.0
black_river,heavy_hitter, BLACK RIVER,3,-24.074720859527588,-8.024906953175863,3056.136920697364, TheOUTAIN,0.9531606260006811,2.801795072,72,251658240,503316480,553648128,2248146944,71.9998716135998,37.1953016608104,0.5166023331322818,-4.0,-8.0
black_river,sinks_heavy_hitter, BLACK RIVER,3,-19.56686663767323,-6.522288879224409,680.1333481899943, The OUTIVER,0.9406151780003711,3.070230528,72,251658240,503316480,553648128,2516582400,71.9998716135998,46.487018433371304,0.6456541850914987,-4.0,-8.0
golden_tiger,full_context, GOLDEN TIGER,5,-0.9616457716183504,-0.1923291543236701,1.2120694091993736, GOLDEN TIGER,0.8267395289994965,0.0,0,0,0,0,0,0.0,0.0,1.0,-0.5,-2.0
golden_tiger,recent_only, GOLDEN TIGER,5,-3.5534731267252937,-0.7106946253450588,2.0354046113451085, TheEN TIGER,1.6853393940000387,2.214592512,120,251658240,503316480,352321536,1862270976,119.99972771482871,1.591840919033757,0.013265371091646641,-0.5,-2.0
golden_tiger,sinks_recent, GOLDEN TIGER,5,-4.283446943387389,-0.8566893886774778,2.355350123171645, TheEN TIGER,1.6599706699998933,2.214592512,120,251658240,503316480,352321536,1862270976,119.99972771482871,45.20000765057216,0.3766675850964174,-0.5,-2.0
golden_tiger,heavy_hitter, GOLDEN TIGER,5,-2.8584314663894475,-0.5716862932778894,1.7712513837987007, GoldenEN TIGER,1.6238763040000777,3.087007744,120,251658240,503316480,654311424,2432696320,119.99972771482871,67.79363685742965,0.5649482557038519,-0.5,-2.0
golden_tiger,sinks_heavy_hitter, GOLDEN TIGER,5,-3.2858616900994093,-0.6571723380198818,1.9293291233758427, GoldenEN TIGER,1.5881589890004761,3.489660928,120,251658240,503316480,654311424,2835349504,119.99972771482871,77.92625124375854,0.6493869005181833,-0.5,-2.0
golden_tiger,full_context, GOLDEN TIGER,5,-0.9616457716183504,-0.1923291543236701,1.2120694091993736, GOLDEN TIGER,0.7693887340001311,0.0,0,0,0,0,0,0.0,0.0,1.0,-0.5,-4.0
golden_tiger,recent_only, GOLDEN TIGER,5,-23.501761347055435,-4.700352269411087,109.98591030049279, EN RULEYPER,1.5886483649992442,2.214592512,120,251658240,503316480,352321536,1862270976,119.99972771482871,1.591840919033757,0.013265371091646641,-0.5,-4.0
golden_tiger,sinks_recent, GOLDEN TIGER,5,-24.425224721431732,-4.885044944286347,132.29641116846432, TheEN FACTYPER,1.6495609979992878,2.214592512,120,251658240,503316480,352321536,1862270976,119.99972771482871,45.20000765057216,0.3766675850964174,-0.5,-4.0
golden_tiger,heavy_hitter, GOLDEN TIGER,5,-27.18802571296692,-5.437605142593384,229.8909675959336, TheEN.IERER,1.6481066159994953,3.087007744,120,251658240,503316480,654311424,2432696320,119.99972771482871,67.79363685742965,0.5649482557038519,-0.5,-4.0
golden_tiger,sinks_heavy_hitter, GOLDEN TIGER,5,-13.674099802345154,-2.734819960469031,15.40696932268128, TheEN TIGER,1.6468184710001879,3.489660928,120,251658240,503316480,654311424,2835349504,119.99972771482871,77.92625124375854,0.6493869005181833,-0.5,-4.0
golden_tiger,full_context, GOLDEN TIGER,5,-0.9616457716183504,-0.1923291543236701,1.2120694091993736, GOLDEN TIGER,0.8123247430003175,0.0,0,0,0,0,0,0.0,0.0,1.0,-0.5,-6.0
golden_tiger,recent_only, GOLDEN TIGER,5,-34.67395752668381,-6.9347915053367615,1027.4050212279826, EN: TE,1.6853987989998132,2.214592512,120,251658240,503316480,352321536,1862270976,119.99972771482871,1.591840919033757,0.013265371091646641,-0.5,-6.0
golden_tiger,sinks_recent, GOLDEN TIGER,5,-30.998190939426422,-6.199638187885284,492.5707907691821, EN: TE,1.6257006089999777,2.214592512,120,251658240,503316480,352321536,1862270976,119.99972771482871,45.20000765057216,0.3766675850964174,-0.5,-6.0
golden_tiger,heavy_hitter, GOLDEN TIGER,5,-29.17085975408554,-5.834171950817108,341.78160486537035, The..IERER,1.6415548479999416,3.087007744,120,251658240,503316480,654311424,2432696320,119.99972771482871,67.79363685742965,0.5649482557038519,-0.5,-6.0
golden_tiger,sinks_heavy_hitter, GOLDEN TIGER,5,-15.492170652316418,-3.0984341304632834,22.163219385658017, CustomerEN TIGER,1.7016462319998027,3.489660928,120,251658240,503316480,654311424,2835349504,119.99972771482871,77.92625124375854,0.6493869005181833,-0.5,-6.0
golden_tiger,full_context, GOLDEN TIGER,5,-0.9616457716183504,-0.1923291543236701,1.2120694091993736, GOLDEN TIGER,0.8158063460004996,0.0,0,0,0,0,0,0.0,0.0,1.0,-0.5,-8.0
golden_tiger,recent_only, GOLDEN TIGER,5,-38.32170897722244,-7.664341795444488,2130.989693114977," EN
 TI",1.640197708999949,2.214592512,120,251658240,503316480,352321536,1862270976,119.99972771482871,1.591840919033757,0.013265371091646641,-0.5,-8.0
golden_tiger,sinks_recent, GOLDEN TIGER,5,-35.55392134189606,-7.110784268379211,1225.1079828744969," EN
 TI",1.5900780510000914,2.214592512,120,251658240,503316480,352321536,1862270976,119.99972771482871,45.20000765057216,0.3766675850964174,-0.5,-8.0
golden_tiger,heavy_hitter, GOLDEN TIGER,5,-29.143161714076996,-5.828632342815399,339.8935032520097, The..IERER,1.575234805999571,3.087007744,120,251658240,503316480,654311424,2432696320,119.99972771482871,67.79363685742965,0.5649482557038519,-0.5,-8.0
golden_tiger,sinks_heavy_hitter, GOLDEN TIGER,5,-15.499731218165834,-3.099946243633167,22.196758032302267, CustomerEN TIGER,1.685309278999739,3.489660928,120,251658240,503316480,654311424,2835349504,119.99972771482871,77.92625124375854,0.6493869005181833,-0.5,-8.0
golden_tiger,full_context, GOLDEN TIGER,5,-0.9616457716183504,-0.1923291543236701,1.2120694091993736, GOLDEN TIGER,0.823251939000329,0.0,0,0,0,0,0,0.0,0.0,1.0,-1.0,-2.0
golden_tiger,recent_only, GOLDEN TIGER,5,-3.894284325069748,-0.7788568650139496,2.1789799730151795, TheEN TIGER,1.6305334170001515,2.214592512,120,251658240,503316480,352321536,1862270976,119.99972771482871,1.591840919033757,0.013265371091646641,-1.0,-2.0
golden_tiger,sinks_recent, GOLDEN TIGER,5,-4.040186113212258,-0.8080372226424515,2.2435001709738898, TheEN TIGER,1.6407146259998626,2.214592512,120,251658240,503316480,352321536,1862270976,119.99972771482871,45.20000765057216,0.3766675850964174,-1.0,-2.0
golden_tiger,heavy_hitter, GOLDEN TIGER,5,-2.711264074780047,-0.5422528149560094,1.7198770658981772, GoldenEN TIGER,1.6363465479998922,3.087007744,120,251658240,503316480,654311424,2432696320,119.99972771482871,67.79363685742965,0.5649482557038519,-1.0,-2.0
golden_tiger,sinks_heavy_hitter, GOLDEN TIGER,5,-3.623107298517425,-0.724621459703485,2.063949663955522, TheEN TIGER,1.6594695599997067,3.489660928,120,251658240,503316480,654311424,2835349504,119.99972771482871,77.92625124375854,0.6493869005181833,-1.0,-2.0
golden_tiger,full_context, GOLDEN TIGER,5,-0.9616457716183504,-0.1923291543236701,1.2120694091993736, GOLDEN TIGER,0.8224087729995517,0.0,0,0,0,0,0,0.0,0.0,1.0,-1.0,-4.0
golden_tiger,recent_only, GOLDEN TIGER,5,-23.43814781308174,-4.6876295626163484,108.59545574073101," EN
 TER",1.6588353850002022,2.214592512,120,251658240,503316480,352321536,1862270976,119.99972771482871,1.591840919033757,0.013265371091646641,-1.0,-4.0
golden_tiger,sinks_recent, GOLDEN TIGER,5,-24.023171573877335,-4.804634314775467,122.07484189194913, TheEN FACTYPER,1.6061157379999713,2.214592512,120,251658240,503316480,352321536,1862270976,119.99972771482871,45.20000765057216,0.3766675850964174,-1.0,-4.0
golden_tiger,heavy_hitter, GOLDEN TIGER,5,-27.476053595542908,-5.495210719108582,243.52283566938453, TheEN.IERER,1.6029823549997673,3.087007744,120,251658240,503316480,654311424,2432696320,119.99972771482871,67.79363685742965,0.5649482557038519,-1.0,-4.0
golden_tiger,sinks_heavy_hitter, GOLDEN TIGER,5,-13.629881685556029,-2.725976337111206,15.271316603794329, CustomerEN TIGER,1.616297893000592,3.489660928,120,251658240,503316480,654311424,2835349504,119.99972771482871,77.92625124375854,0.6493869005181833,-1.0,-4.0
golden_tiger,full_context, GOLDEN TIGER,5,-0.9616457716183504,-0.1923291543236701,1.2120694091993736, GOLDEN TIGER,0.7976491059998807,0.0,0,0,0,0,0,0.0,0.0,1.0,-1.0,-6.0
golden_tiger,recent_only, GOLDEN TIGER,5,-35.23511612415314,-7.047023224830627,1149.4320442899552," EN

 TE",1.661449203000302,2.214592512,120,251658240,503316480,352321536,1862270976,119.99972771482871,1.591840919033757,0.013265371091646641,-1.0,-6.0
golden_tiger,sinks_recent, GOLDEN TIGER,5,-31.55020099878311,-6.310040199756623,550.0670609295609, EN: TE,1.6486195849993237,2.214592512,120,251658240,503316480,352321536,1862270976,119.99972771482871,45.20000765057216,0.3766675850964174,-1.0,-6.0
golden_tiger,heavy_hitter, GOLDEN TIGER,5,-30.205901205539703,-6.0411802411079405,420.38890247147907, The..IERER,1.6880936990000919,3.087007744,120,251658240,503316480,654311424,2432696320,119.99972771482871,67.79363685742965,0.5649482557038519,-1.0,-6.0
golden_tiger,sinks_heavy_hitter, GOLDEN TIGER,5,-15.72402732320188,-3.1448054646403762,23.215158864700093, CustomerEN TIGER,1.6873742050001965,3.489660928,120,251658240,503316480,654311424,2835349504,119.99972771482871,77.92625124375854,0.6493869005181833,-1.0,-6.0
golden_tiger,full_context, GOLDEN TIGER,5,-0.9616457716183504,-0.1923291543236701,1.2120694091993736, GOLDEN TIGER,0.8101870029995553,0.0,0,0,0,0,0,0.0,0.0,1.0,-1.0,-8.0
golden_tiger,recent_only, GOLDEN TIGER,5,-38.88276767730713,-7.776553535461426,2384.0441217547123," EN
 TI",1.697602285999892,2.214592512,120,251658240,503316480,352321536,1862270976,119.99972771482871,1.591840919033757,0.013265371091646641,-1.0,-8.0
golden_tiger,sinks_recent, GOLDEN TIGER,5,-36.08219224214554,-7.216438448429107,1361.6308958850948," EN
 TI",1.6670377860000372,2.214592512,120,251658240,503316480,352321536,1862270976,119.99972771482871,45.20000765057216,0.3766675850964174,-1.0,-8.0
golden_tiger,heavy_hitter, GOLDEN TIGER,5,-30.18527853488922,-6.037055706977844,418.6585649663794, The..IERER,1.650905972000146,3.087007744,120,251658240,503316480,654311424,2432696320,119.99972771482871,67.79363685742965,0.5649482557038519,-1.0,-8.0
golden_tiger,sinks_heavy_hitter, GOLDEN TIGER,5,-15.706194675440202,-3.1412389350880403,23.132508789125463, CustomerEN TIGER,1.6989106859991807,3.489660928,120,251658240,503316480,654311424,2835349504,119.99972771482871,77.92625124375854,0.6493869005181833,-1.0,-8.0
golden_tiger,full_context, GOLDEN TIGER,5,-0.9616457716183504,-0.1923291543236701,1.2120694091993736, GOLDEN TIGER,0.813483248999546,0.0,0,0,0,0,0,0.0,0.0,1.0,-2.0,-2.0
golden_tiger,recent_only, GOLDEN TIGER,5,-4.439792370190844,-0.8879584740381687,2.430163342035873, TheEN TIGER,1.5891053409995948,2.214592512,120,251658240,503316480,352321536,1862270976,119.99972771482871,1.591840919033757,0.013265371091646641,-2.0,-2.0
golden_tiger,sinks_recent, GOLDEN TIGER,5,-3.9819337287917733,-0.7963867457583547,2.217513993703763, TheEN TIGER,1.6027691409999534,2.214592512,120,251658240,503316480,352321536,1862270976,119.99972771482871,45.20000765057216,0.3766675850964174,-2.0,-2.0
golden_tiger,heavy_hitter, GOLDEN TIGER,5,-3.872935528983362,-0.7745871057966724,2.169696087273912, TheEN TIGER,1.6174758850002036,3.087007744,120,251658240,503316480,654311424,2432696320,119.99972771482871,67.79363685742965,0.5649482557038519,-2.0,-2.0
golden_tiger,sinks_heavy_hitter, GOLDEN TIGER,5,-5.314349007734563,-1.0628698015469127,2.8946661983066764, TheEN TIGER,1.635959248999825,3.489660928,120,251658240,503316480,654311424,2835349504,119.99972771482871,77.92625124375854,0.6493869005181833,-2.0,-2.0
golden_tiger,full_context, GOLDEN TIGER,5,-0.9616457716183504,-0.1923291543236701,1.2120694091993736, GOLDEN TIGER,0.7928322299994761,0.0,0,0,0,0,0,0.0,0.0,1.0,-2.0,-4.0
golden_tiger,recent_only, GOLDEN TIGER,5,-23.888075411319733,-4.777615082263947,118.82063442163896," EN
 TER",1.6419599880000533,2.214592512,120,251658240,503316480,352321536,1862270976,119.99972771482871,1.591840919033757,0.013265371091646641,-2.0,-4.0
golden_tiger,sinks_recent, GOLDEN TIGER,5,-23.880618795752525,-4.776123759150505,118.64356652871011, TheEN FACT TER,1.686963963999915,2.214592512,120,251658240,503316480,352321536,1862270976,119.99972771482871,45.20000765057216,0.3766675850964174,-2.0,-4.0
golden_tiger,heavy_hitter, GOLDEN TIGER,5,-25.776619523763657,-5.1553239047527315,173.3519471859075, TheEN.IERER,1.623881708999761,3.087007744,120,251658240,503316480,654311424,2432696320,119.99972771482871,67.79363685742965,0.5649482557038519,-2.0,-4.0
golden_tiger,sinks_heavy_hitter, GOLDEN TIGER,5,-14.384490205644397,-2.8768980411288796,17.75909965413419, TheEN TIGER,1.6440898119999474,3.489660928,120,251658240,503316480,654311424,2835349504,119.99972771482871,77.92625124375854,0.6493869005181833,-2.0,-4.0
golden_tiger,full_context, GOLDEN TIGER,5,-0.9616457716183504,-0.1923291543236701,1.2120694091993736, GOLDEN TIGER,0.7688584050001737,0.0,0,0,0,0,0,0.0,0.0,1.0,-2.0,-6.0
golden_tiger,recent_only, GOLDEN TIGER,5,-36.03211843967438,-7.206423687934875,1348.062543882512," EN
 T
",1.5730457099998603,2.214592512,120,251658240,503316480,352321536,1862270976,119.99972771482871,1.591840919033757,0.013265371091646641,-2.0,-6.0
golden_tiger,sinks_recent, GOLDEN TIGER,5,-33.2207533121109,-6.64415066242218,768.2772437124983, EN: TE,1.6026012740003353,2.214592512,120,251658240,503316480,352321536,1862270976,119.99972771482871,45.20000765057216,0.3766675850964174,-2.0,-6.0
golden_tiger,heavy_hitter, GOLDEN TIGER,5,-30.270077154040337,-6.054015430808067,425.8194502850964, The..IERER,1.6434378580006523,3.087007744,120,251658240,503316480,654311424,2432696320,119.99972771482871,67.79363685742965,0.5649482557038519,-2.0,-6.0
golden_tiger,sinks_heavy_hitter, GOLDEN TIGER,5,-18.18536192146712,-3.637072384293424,37.98048154802736, The. TIGER,1.5959814019997793,3.489660928,120,251658240,503316480,654311424,2835349504,119.99972771482871,77.92625124375854,0.6493869005181833,-2.0,-6.0
golden_tiger,full_context, GOLDEN TIGER,5,-0.9616457716183504,-0.1923291543236701,1.2120694091993736, GOLDEN TIGER,0.8317054579993055,0.0,0,0,0,0,0,0.0,0.0,1.0,-2.0,-8.0
golden_tiger,recent_only, GOLDEN TIGER,5,-39.40757542848587,-7.881515085697174,2647.8812892204514," EN
 TI",1.600373080999816,2.214592512,120,251658240,503316480,352321536,1862270976,119.99972771482871,1.591840919033757,0.013265371091646641,-2.0,-8.0
golden_tiger,sinks_recent, GOLDEN TIGER,5,-36.919605016708374,-7.3839210033416744,1609.8897918068708," EN
 TI",1.6674660790004054,2.214592512,120,251658240,503316480,352321536,1862270976,119.99972771482871,45.20000765057216,0.3766675850964174,-2.0,-8.0
golden_tiger,heavy_hitter, GOLDEN TIGER,5,-30.209516391158104,-6.04190327823162,420.6929691668567, The..IERER,1.6937496999998984,3.087007744,120,251658240,503316480,654311424,2432696320,119.99972771482871,67.79363685742965,0.5649482557038519,-2.0,-8.0
golden_tiger,sinks_heavy_hitter, GOLDEN TIGER,5,-18.27658083345159,-3.655316166690318,38.679748430168175, The. TIGER,1.729678955000054,3.489660928,120,251658240,503316480,654311424,2835349504,119.99972771482871,77.92625124375854,0.6493869005181833,-2.0,-8.0
golden_tiger,full_context, GOLDEN TIGER,5,-0.9616457716183504,-0.1923291543236701,1.2120694091993736, GOLDEN TIGER,0.8424944739999773,0.0,0,0,0,0,0,0.0,0.0,1.0,-4.0,-4.0
golden_tiger,recent_only, GOLDEN TIGER,5,-26.48532810807228,-5.297065621614456,199.74980763446496," ""


 TER",1.6572384980008792,2.214592512,120,251658240,503316480,352321536,1862270976,119.99972771482871,1.591840919033757,0.013265371091646641,-4.0,-4.0
golden_tiger,sinks_recent, GOLDEN TIGER,5,-24.99646618962288,-4.999293237924576,148.3083033686218, TheEN FACT TER,1.581685901000128,2.214592512,120,251658240,503316480,352321536,1862270976,119.99972771482871,45.20000765057216,0.3766675850964174,-4.0,-4.0
golden_tiger,heavy_hitter, GOLDEN TIGER,5,-32.68916702270508,-6.537833404541016,690.7882967510114," TheEN
IERER",1.6143219999994471,3.087007744,120,251658240,503316480,654311424,2432696320,119.99972771482871,67.79363685742965,0.5649482557038519,-4.0,-4.0
golden_tiger,sinks_heavy_hitter, GOLDEN TIGER,5,-19.441517519764602,-3.8883035039529203,48.82797974348219," The
 TIGER",1.6469996129999345,3.489660928,120,251658240,503316480,654311424,2835349504,119.99972771482871,77.92625124375854,0.6493869005181833,-4.0,-4.0
golden_tiger,full_context, GOLDEN TIGER,5,-0.9616457716183504,-0.1923291543236701,1.2120694091993736, GOLDEN TIGER,0.7641032329993322,0.0,0,0,0,0,0,0.0,0.0,1.0,-4.0,-6.0
golden_tiger,recent_only, GOLDEN TIGER,5,-39.18567609786987,-7.837135219573975,2532.9381184825343," 

, T
",1.6819341389991678,2.214592512,120,251658240,503316480,352321536,1862270976,119.99972771482871,1.591840919033757,0.013265371091646641,-4.0,-6.0
golden_tiger,sinks_recent, GOLDEN TIGER,5,-37.33015489578247,-7.4660309791564945,1747.656417072259," 

: TE",1.60584536999977,2.214592512,120,251658240,503316480,352321536,1862270976,119.99972771482871,45.20000765057216,0.3766675850964174,-4.0,-6.0
golden_tiger,heavy_hitter, GOLDEN TIGER,5,-34.59502464532852,-6.9190049290657045,1011.3131653484545," The.


IERER",1.6422809539999434,3.087007744,120,251658240,503316480,654311424,2432696320,119.99972771482871,67.79363685742965,0.5649482557038519,-4.0,-6.0
golden_tiger,sinks_heavy_hitter, GOLDEN TIGER,5,-22.503002610057592,-4.500600522011519,90.07120480382102," The
 TIGER",1.6388725940005315,3.489660928,120,251658240,503316480,654311424,2835349504,119.99972771482871,77.92625124375854,0.6493869005181833,-4.0,-6.0
golden_tiger,full_context, GOLDEN TIGER,5,-0.9616457716183504,-0.1923291543236701,1.2120694091993736, GOLDEN TIGER,0.7633673350001118,0.0,0,0,0,0,0,0.0,0.0,1.0,-4.0,-8.0
golden_tiger,recent_only, GOLDEN TIGER,5,-40.44054853916168,-8.088109707832336,3255.527851427604," EN
 TI",1.617437783999776,2.214592512,120,251658240,503316480,352321536,1862270976,119.99972771482871,1.591840919033757,0.013265371091646641,-4.0,-8.0
golden_tiger,sinks_recent, GOLDEN TIGER,5,-38.70967364311218,-7.741934728622437,2302.923607997448," EN
 TI",1.5871587880001243,2.214592512,120,251658240,503316480,352321536,1862270976,119.99972771482871,45.20000765057216,0.3766675850964174,-4.0,-8.0
golden_tiger,heavy_hitter, GOLDEN TIGER,5,-34.33989143371582,-6.867978286743164,961.0037265469551," The.


IERER",1.5827178769995953,3.087007744,120,251658240,503316480,654311424,2432696320,119.99972771482871,67.79363685742965,0.5649482557038519,-4.0,-8.0
golden_tiger,sinks_heavy_hitter, GOLDEN TIGER,5,-23.85834334557876,-4.771668669115752,118.1161744197437," The
 TIGER",1.5685851200005345,3.489660928,120,251658240,503316480,654311424,2835349504,119.99972771482871,77.92625124375854,0.6493869005181833,-4.0,-8.0
alpha_bridge,full_context, ALPHA BRIDGE,3,-0.4560614782385528,-0.15202049274618426,1.164184093516803, ALPHA BRIDGE,0.4567374589996689,0.0,0,0,0,0,0,0.0,0.0,1.0,-0.5,-2.0
alpha_bridge,recent_only, ALPHA BRIDGE,3,-3.5201567262411118,-1.173385575413704,3.2329194238795456, The BRIDGE,0.94149057300001,2.097152,72,251658240,503316480,318767104,1778384896,71.99972834370158,1.1326769548361426,0.015731683728432113,-0.5,-2.0
alpha_bridge,sinks_recent, ALPHA BRIDGE,3,-4.921466539148241,-1.6404888463827472,5.157690214271024, The BRIDGE,0.9347099589995196,2.097152,72,251658240,503316480,318767104,1778384896,71.99972834370158,27.389531822135268,0.3804115994908648,-0.5,-2.0
alpha_bridge,heavy_hitter, ALPHA BRIDGE,3,-7.788405358907767,-2.5961351196359224,13.411802724771244, The BRIDGE,0.9374918100002105,2.902458368,72,251658240,503316480,587202560,2315255808,71.99972834370158,36.60530255337744,0.5084088981368999,-0.5,-2.0
alpha_bridge,sinks_heavy_hitter, ALPHA BRIDGE,3,-3.3547229145187885,-1.118240971506263,3.059467776248467, The BRIDGE,0.9376972010004465,3.036676096,72,251658240,503316480,520093696,2516582400,71.99972834370158,47.21405496562329,0.6557532375711179,-0.5,-2.0
alpha_bridge,full_context, ALPHA BRIDGE,3,-0.4560614782385528,-0.15202049274618426,1.164184093516803, ALPHA BRIDGE,0.46086943299997074,0.0,0,0,0,0,0,0.0,0.0,1.0,-0.5,-4.0
alpha_bridge,recent_only, ALPHA BRIDGE,3,-19.140027076005936,-6.380009025335312,589.933031977867," 
IDGE",0.9383361230002265,2.097152,72,251658240,503316480,318767104,1778384896,71.99972834370158,1.1326769548361426,0.015731683728432113,-0.5,-4.0
alpha_bridge,sinks_recent, ALPHA BRIDGE,3,-23.248717546463013,-7.749572515487671,2320.5801904549," The
AND",0.9400552259994583,2.097152,72,251658240,503316480,318767104,1778384896,71.99972834370158,27.389531822135268,0.3804115994908648,-0.5,-4.0
alpha_bridge,heavy_hitter, ALPHA BRIDGE,3,-26.50568377971649,-8.835227926572164,6872.120006152104, Deployment.ANCH,0.9403382059999785,2.902458368,72,251658240,503316480,587202560,2315255808,71.99972834370158,36.60530255337744,0.5084088981368999,-0.5,-4.0
alpha_bridge,sinks_heavy_hitter, ALPHA BRIDGE,3,-13.435693896724842,-4.478564632241614,88.10811432194016, deployment BRIDGE,0.9597220770001513,3.036676096,72,251658240,503316480,520093696,2516582400,71.99972834370158,47.21405496562329,0.6557532375711179,-0.5,-4.0
alpha_bridge,full_context, ALPHA BRIDGE,3,-0.4560614782385528,-0.15202049274618426,1.164184093516803, ALPHA BRIDGE,0.4838518730002761,0.0,0,0,0,0,0,0.0,0.0,1.0,-0.5,-6.0
alpha_bridge,recent_only, ALPHA BRIDGE,3,-26.409663200378418,-8.803221066792807,6655.647802364444," 


",0.9371713780001301,2.097152,72,251658240,503316480,318767104,1778384896,71.99972834370158,1.1326769548361426,0.015731683728432113,-0.5,-6.0
alpha_bridge,sinks_recent, ALPHA BRIDGE,3,-25.584073066711426,-8.528024355570475,5054.450167810673," 
AND",0.9435736069999621,2.097152,72,251658240,503316480,318767104,1778384896,71.99972834370158,27.389531822135268,0.3804115994908648,-0.5,-6.0
alpha_bridge,heavy_hitter, ALPHA BRIDGE,3,-28.154000282287598,-9.384666760762533,11904.440500071727, deployment.ANCH,0.9514230820004741,2.902458368,72,251658240,503316480,587202560,2315255808,71.99972834370158,36.60530255337744,0.5084088981368999,-0.5,-6.0
alpha_bridge,sinks_heavy_hitter, ALPHA BRIDGE,3,-15.668605502927676,-5.222868500975892,185.465429532959, deployment BRIDGE,0.9579427050002778,3.036676096,72,251658240,503316480,520093696,2516582400,71.99972834370158,47.21405496562329,0.6557532375711179,-0.5,-6.0
alpha_bridge,full_context, ALPHA BRIDGE,3,-0.4560614782385528,-0.15202049274618426,1.164184093516803, ALPHA BRIDGE,0.45671405400025833,0.0,0,0,0,0,0,0.0,0.0,1.0,-0.5,-8.0
alpha_bridge,recent_only, ALPHA BRIDGE,3,-27.117029190063477,-9.039009730021158,8425.429473641094," 


",0.9525563139995938,2.097152,72,251658240,503316480,318767104,1778384896,71.99972834370158,1.1326769548361426,0.015731683728432113,-0.5,-8.0
alpha_bridge,sinks_recent, ALPHA BRIDGE,3,-26.356172561645508,-8.785390853881836,6538.027895075141," 
AND",0.9649731539993809,2.097152,72,251658240,503316480,318767104,1778384896,71.99972834370158,27.389531822135268,0.3804115994908648,-0.5,-8.0
alpha_bridge,heavy_hitter, ALPHA BRIDGE,3,-27.80733633041382,-9.26911211013794,10605.33133866676, The.ANCH,0.9626694050002698,2.902458368,72,251658240,503316480,587202560,2315255808,71.99972834370158,36.60530255337744,0.5084088981368999,-0.5,-8.0
alpha_bridge,sinks_heavy_hitter, ALPHA BRIDGE,3,-15.589265376445837,-5.196421792148612,180.62477119919097, deployment BRIDGE,0.9432497130001138,3.036676096,72,251658240,503316480,520093696,2516582400,71.99972834370158,47.21405496562329,0.6557532375711179,-0.5,-8.0
alpha_bridge,full_context, ALPHA BRIDGE,3,-0.4560614782385528,-0.15202049274618426,1.164184093516803, ALPHA BRIDGE,0.4692539890002081,0.0,0,0,0,0,0,0.0,0.0,1.0,-1.0,-2.0
alpha_bridge,recent_only, ALPHA BRIDGE,3,-3.9098331020213664,-1.3032777006737888,3.6813432555486885, The BRIDGE,0.9492619580005339,2.097152,72,251658240,503316480,318767104,1778384896,71.99972834370158,1.1326769548361426,0.015731683728432113,-1.0,-2.0
alpha_bridge,sinks_recent, ALPHA BRIDGE,3,-4.570542991859838,-1.5235143306199461,4.588321773929835, The BRIDGE,0.9505189450001126,2.097152,72,251658240,503316480,318767104,1778384896,71.99972834370158,27.389531822135268,0.3804115994908648,-1.0,-2.0
alpha_bridge,heavy_hitter, ALPHA BRIDGE,3,-5.626133634883445,-1.8753778782944817,6.523283661956993, The BRIDGE,0.9556114790002539,2.902458368,72,251658240,503316480,587202560,2315255808,71.99972834370158,36.60530255337744,0.5084088981368999,-1.0,-2.0
alpha_bridge,sinks_heavy_hitter, ALPHA BRIDGE,3,-4.313464101287536,-1.4378213670958455,4.211510479583517, The BRIDGE,0.9395290879992899,3.036676096,72,251658240,503316480,520093696,2516582400,71.99972834370158,47.21405496562329,0.6557532375711179,-1.0,-2.0
alpha_bridge,full_context, ALPHA BRIDGE,3,-0.4560614782385528,-0.15202049274618426,1.164184093516803, ALPHA BRIDGE,0.4537814979994437,0.0,0,0,0,0,0,0.0,0.0,1.0,-1.0,-4.0
alpha_bridge,recent_only, ALPHA BRIDGE,3,-18.328941345214844,-6.109647115071614,450.17982545891016," 
IDGE",1.022958094000387,2.097152,72,251658240,503316480,318767104,1778384896,71.99972834370158,1.1326769548361426,0.015731683728432113,-1.0,-4.0
alpha_bridge,sinks_recent, ALPHA BRIDGE,3,-22.14326310157776,-7.38108770052592,1605.334942207831," The
ANCH",0.9740115720005633,2.097152,72,251658240,503316480,318767104,1778384896,71.99972834370158,27.389531822135268,0.3804115994908648,-1.0,-4.0
alpha_bridge,heavy_hitter, ALPHA BRIDGE,3,-25.457839250564575,-8.485946416854858,4846.181803418465, deployment.ANCH,0.9487038980005309,2.902458368,72,251658240,503316480,587202560,2315255808,71.99972834370158,36.60530255337744,0.5084088981368999,-1.0,-4.0
alpha_bridge,sinks_heavy_hitter, ALPHA BRIDGE,3,-13.676952595124021,-4.558984198374674,95.48643527325447, deployment BRIDGE,0.9339413420002529,3.036676096,72,251658240,503316480,520093696,2516582400,71.99972834370158,47.21405496562329,0.6557532375711179,-1.0,-4.0
alpha_bridge,full_context, ALPHA BRIDGE,3,-0.4560614782385528,-0.15202049274618426,1.164184093516803, ALPHA BRIDGE,0.4810416489999625,0.0,0,0,0,0,0,0.0,0.0,1.0,-1.0,-6.0
alpha_bridge,recent_only, ALPHA BRIDGE,3,-25.94598913192749,-8.64866304397583,5702.5176197103,"  B

",0.964280762999806,2.097152,72,251658240,503316480,318767104,1778384896,71.99972834370158,1.1326769548361426,0.015731683728432113,-1.0,-6.0
alpha_bridge,sinks_recent, ALPHA BRIDGE,3,-24.58519744873047,-8.19506581624349,3623.029438256898," 


",0.942715118999331,2.097152,72,251658240,503316480,318767104,1778384896,71.99972834370158,27.389531822135268,0.3804115994908648,-1.0,-6.0
alpha_bridge,heavy_hitter, ALPHA BRIDGE,3,-26.58990502357483,-8.863301674524942,7067.7797722223395, deployment.ANCH,0.9353687840002749,2.902458368,72,251658240,503316480,587202560,2315255808,71.99972834370158,36.60530255337744,0.5084088981368999,-1.0,-6.0
alpha_bridge,sinks_heavy_hitter, ALPHA BRIDGE,3,-15.621219580178149,-5.207073193392716,182.55896073980338, deployment BRIDGE,0.942709423999986,3.036676096,72,251658240,503316480,520093696,2516582400,71.99972834370158,47.21405496562329,0.6557532375711179,-1.0,-6.0
alpha_bridge,full_context, ALPHA BRIDGE,3,-0.4560614782385528,-0.15202049274618426,1.164184093516803, ALPHA BRIDGE,0.4773540549995232,0.0,0,0,0,0,0,0.0,0.0,1.0,-1.0,-8.0
alpha_bridge,recent_only, ALPHA BRIDGE,3,-26.636141777038574,-8.878713925679525,7177.553929671713," 
AND",0.9571981600001891,2.097152,72,251658240,503316480,318767104,1778384896,71.99972834370158,1.1326769548361426,0.015731683728432113,-1.0,-8.0
alpha_bridge,sinks_recent, ALPHA BRIDGE,3,-25.505459308624268,-8.501819769541422,4923.720729655241," 


",0.9407510199998796,2.097152,72,251658240,503316480,318767104,1778384896,71.99972834370158,27.389531822135268,0.3804115994908648,-1.0,-8.0
alpha_bridge,heavy_hitter, ALPHA BRIDGE,3,-25.896450519561768,-8.632150173187256,5609.125888007746, deployment.ANCH,0.9682953680003266,2.902458368,72,251658240,503316480,587202560,2315255808,71.99972834370158,36.60530255337744,0.5084088981368999,-1.0,-8.0
alpha_bridge,sinks_heavy_hitter, ALPHA BRIDGE,3,-15.542976516182534,-5.1809921720608445,177.8591903990145, deployment BRIDGE,0.9507740199996988,3.036676096,72,251658240,503316480,520093696,2516582400,71.99972834370158,47.21405496562329,0.6557532375711179,-1.0,-8.0
alpha_bridge,full_context, ALPHA BRIDGE,3,-0.4560614782385528,-0.15202049274618426,1.164184093516803, ALPHA BRIDGE,0.46208465000017895,0.0,0,0,0,0,0,0.0,0.0,1.0,-2.0,-2.0
alpha_bridge,recent_only, ALPHA BRIDGE,3,-4.691539752995595,-1.5638465843318652,4.777161703823957, The BRIDGE,0.9481223980001232,2.097152,72,251658240,503316480,318767104,1778384896,71.99972834370158,1.1326769548361426,0.015731683728432113,-2.0,-2.0
alpha_bridge,sinks_recent, ALPHA BRIDGE,3,-4.339767723577097,-1.4465892411923658,4.248598828613216, The BRIDGE,0.9436437039994416,2.097152,72,251658240,503316480,318767104,1778384896,71.99972834370158,27.389531822135268,0.3804115994908648,-2.0,-2.0
alpha_bridge,heavy_hitter, ALPHA BRIDGE,3,-6.39974938868545,-2.1332497962284833,8.442257897484362, The BRIDGE,0.9526121600001716,2.902458368,72,251658240,503316480,587202560,2315255808,71.99972834370158,36.60530255337744,0.5084088981368999,-2.0,-2.0
alpha_bridge,sinks_heavy_hitter, ALPHA BRIDGE,3,-6.90835505630821,-2.3027850187694034,10.001999457618474, The BRIDGE,0.9465902379997715,3.036676096,72,251658240,503316480,520093696,2516582400,71.99972834370158,47.21405496562329,0.6557532375711179,-2.0,-2.0
alpha_bridge,full_context, ALPHA BRIDGE,3,-0.4560614782385528,-0.15202049274618426,1.164184093516803, ALPHA BRIDGE,0.46280611400015914,0.0,0,0,0,0,0,0.0,0.0,1.0,-2.0,-4.0
alpha_bridge,recent_only, ALPHA BRIDGE,3,-19.445566654205322,-6.481855551401774,653.1818349601126," ""
 D",0.942276963999575,2.097152,72,251658240,503316480,318767104,1778384896,71.99972834370158,1.1326769548361426,0.015731683728432113,-2.0,-4.0
alpha_bridge,sinks_recent, ALPHA BRIDGE,3,-22.440136671066284,-7.480045557022095,1772.3215157834818," The
ANCH",0.9797151209995718,2.097152,72,251658240,503316480,318767104,1778384896,71.99972834370158,27.389531822135268,0.3804115994908648,-2.0,-4.0
alpha_bridge,heavy_hitter, ALPHA BRIDGE,3,-23.050455570220947,-7.683485190073649,2172.1770448063326, The.ANCH,1.0415129009998054,2.902458368,72,251658240,503316480,587202560,2315255808,71.99972834370158,36.60530255337744,0.5084088981368999,-2.0,-4.0
alpha_bridge,sinks_heavy_hitter, ALPHA BRIDGE,3,-15.840153037104756,-5.280051012368252,196.37989289970056, The.IDGE,1.0397693439999784,3.036676096,72,251658240,503316480,520093696,2516582400,71.99972834370158,47.21405496562329,0.6557532375711179,-2.0,-4.0
alpha_bridge,full_context, ALPHA BRIDGE,3,-0.4560614782385528,-0.15202049274618426,1.164184093516803, ALPHA BRIDGE,0.5082632610001383,0.0,0,0,0,0,0,0.0,0.0,1.0,-2.0,-6.0
alpha_bridge,recent_only, ALPHA BRIDGE,3,-27.743698120117188,-9.247899373372396,10382.732548463477,"  B

",1.0483346700002585,2.097152,72,251658240,503316480,318767104,1778384896,71.99972834370158,1.1326769548361426,0.015731683728432113,-2.0,-6.0
alpha_bridge,sinks_recent, ALPHA BRIDGE,3,-25.172423839569092,-8.390807946523031,4406.376372896732,"  B

",1.049582036999709,2.097152,72,251658240,503316480,318767104,1778384896,71.99972834370158,27.389531822135268,0.3804115994908648,-2.0,-6.0
alpha_bridge,heavy_hitter, ALPHA BRIDGE,3,-25.692573070526123,-8.564191023508707,5240.598684252612, The.ANCH,1.0453861890000553,2.902458368,72,251658240,503316480,587202560,2315255808,71.99972834370158,36.60530255337744,0.5084088981368999,-2.0,-6.0
alpha_bridge,sinks_heavy_hitter, ALPHA BRIDGE,3,-17.00783318723552,-5.669277729078506,289.82512651502816, The.IDGE,1.051142288999472,3.036676096,72,251658240,503316480,520093696,2516582400,71.99972834370158,47.21405496562329,0.6557532375711179,-2.0,-6.0
alpha_bridge,full_context, ALPHA BRIDGE,3,-0.4560614782385528,-0.15202049274618426,1.164184093516803, ALPHA BRIDGE,0.5146573020001597,0.0,0,0,0,0,0,0.0,0.0,1.0,-2.0,-8.0
alpha_bridge,recent_only, ALPHA BRIDGE,3,-27.768272876739502,-9.256090958913168,10468.132894858025,"  B

",1.053768998999658,2.097152,72,251658240,503316480,318767104,1778384896,71.99972834370158,1.1326769548361426,0.015731683728432113,-2.0,-8.0
alpha_bridge,sinks_recent, ALPHA BRIDGE,3,-26.654935836791992,-8.884978612263998,7222.66019627482,"  B

",1.0524848430004567,2.097152,72,251658240,503316480,318767104,1778384896,71.99972834370158,27.389531822135268,0.3804115994908648,-2.0,-8.0
alpha_bridge,heavy_hitter, ALPHA BRIDGE,3,-25.509050369262695,-8.503016789754232,4929.618051793604, The.ANCH,1.047669990999566,2.902458368,72,251658240,503316480,587202560,2315255808,71.99972834370158,36.60530255337744,0.5084088981368999,-2.0,-8.0
alpha_bridge,sinks_heavy_hitter, ALPHA BRIDGE,3,-16.977679936913773,-5.659226645637925,286.9266607471332, The.IDGE,1.0564737929998955,3.036676096,72,251658240,503316480,520093696,2516582400,71.99972834370158,47.21405496562329,0.6557532375711179,-2.0,-8.0
alpha_bridge,full_context, ALPHA BRIDGE,3,-0.4560614782385528,-0.15202049274618426,1.164184093516803, ALPHA BRIDGE,0.5239103759995487,0.0,0,0,0,0,0,0.0,0.0,1.0,-4.0,-4.0
alpha_bridge,recent_only, ALPHA BRIDGE,3,-19.49966335296631,-6.499887784322103,665.0669979128062," ""

 D",1.0614843749999636,2.097152,72,251658240,503316480,318767104,1778384896,71.99972834370158,1.1326769548361426,0.015731683728432113,-4.0,-4.0
alpha_bridge,sinks_recent, ALPHA BRIDGE,3,-23.487488746643066,-7.8291629155476885,2512.8250460146874," The


",1.043675341999915,2.097152,72,251658240,503316480,318767104,1778384896,71.99972834370158,27.389531822135268,0.3804115994908648,-4.0,-4.0
alpha_bridge,heavy_hitter, ALPHA BRIDGE,3,-31.89171266555786,-10.630570888519287,41380.742248810304," To.
ANCH",1.0600923960000728,2.902458368,72,251658240,503316480,587202560,2315255808,71.99972834370158,36.60530255337744,0.5084088981368999,-4.0,-4.0
alpha_bridge,sinks_heavy_hitter, ALPHA BRIDGE,3,-25.79420770984143,-8.59806923661381,5421.182459583707," The
IDGE",1.0561402200000884,3.036676096,72,251658240,503316480,520093696,2516582400,71.99972834370158,47.21405496562329,0.6557532375711179,-4.0,-4.0
alpha_bridge,full_context, ALPHA BRIDGE,3,-0.4560614782385528,-0.15202049274618426,1.164184093516803, ALPHA BRIDGE,0.5137502520001362,0.0,0,0,0,0,0,0.0,0.0,1.0,-4.0,-6.0
alpha_bridge,recent_only, ALPHA BRIDGE,3,-30.828131675720215,-10.276043891906738,29028.805001396755,  B B,1.0787815060002686,2.097152,72,251658240,503316480,318767104,1778384896,71.99972834370158,1.1326769548361426,0.015731683728432113,-4.0,-6.0
alpha_bridge,sinks_recent, ALPHA BRIDGE,3,-27.514843463897705,-9.171614487965902,9620.143765299397,"  B

",1.101430552000238,2.097152,72,251658240,503316480,318767104,1778384896,71.99972834370158,27.389531822135268,0.3804115994908648,-4.0,-6.0
alpha_bridge,heavy_hitter, ALPHA BRIDGE,3,-32.9541449546814,-10.984714984893799,58965.92330299973, The.ANCH,1.1468433580002966,2.902458368,72,251658240,503316480,587202560,2315255808,71.99972834370158,36.60530255337744,0.5084088981368999,-4.0,-6.0
alpha_bridge,sinks_heavy_hitter, ALPHA BRIDGE,3,-28.13641312625259,-9.37880437541753,11834.85624668395," The
IDGE",1.1400689669999338,3.036676096,72,251658240,503316480,520093696,2516582400,71.99972834370158,47.21405496562329,0.6557532375711179,-4.0,-6.0
alpha_bridge,full_context, ALPHA BRIDGE,3,-0.4560614782385528,-0.15202049274618426,1.164184093516803, ALPHA BRIDGE,0.5597627650004142,0.0,0,0,0,0,0,0.0,0.0,1.0,-4.0,-8.0
alpha_bridge,recent_only, ALPHA BRIDGE,3,-29.53504753112793,-9.84501584370931,18864.098487921332,  B B,1.0762519859999884,2.097152,72,251658240,503316480,318767104,1778384896,71.99972834370158,1.1326769548361426,0.015731683728432113,-4.0,-8.0
alpha_bridge,sinks_recent, ALPHA BRIDGE,3,-29.611796379089355,-9.870598793029785,19352.92390085265,"  B

",1.1190620229999695,2.097152,72,251658240,503316480,318767104,1778384896,71.99972834370158,27.389531822135268,0.3804115994908648,-4.0,-8.0
alpha_bridge,heavy_hitter, ALPHA BRIDGE,3,-33.038835287094116,-11.012945095698038,60654.256646779126, The.ANCH,1.0614431860003606,2.902458368,72,251658240,503316480,587202560,2315255808,71.99972834370158,36.60530255337744,0.5084088981368999,-4.0,-8.0
alpha_bridge,sinks_heavy_hitter, ALPHA BRIDGE,3,-28.34806678071618,-9.44935559357206,12699.978678310186," The
IDGE",1.0533683000003293,3.036676096,72,251658240,503316480,520093696,2516582400,71.99972834370158,47.21405496562329,0.6557532375711179,-4.0,-8.0
orange_harbor,full_context, ORANGE HARBOR,5,-0.6339514352730475,-0.1267902870546095,1.1351789311002431, ORANGE HARBOR,0.8593118770004367,0.0,0,0,0,0,0,0.0,0.0,1.0,-0.5,-2.0
orange_harbor,recent_only, ORANGE HARBOR,5,-4.241298273467692,-0.8482596546935384,2.3355785996171967, TheANGE HARBOR,1.7639515470000333,2.214592512,120,251658240,503316480,352321536,1862270976,120.0001812730165,1.688147319897098,0.014067873081427575,-0.5,-2.0
orange_harbor,sinks_recent, ORANGE HARBOR,5,-4.608136837661732,-0.9216273675323464,2.513377252157608, TheANGE HARBOR,1.7692079240005114,2.214592512,120,251658240,503316480,352321536,1862270976,120.0001812730165,47.24998519354176,0.39374928181184754,-0.5,-2.0
orange_harbor,heavy_hitter, ORANGE HARBOR,5,-5.573256754432805,-1.114651350886561,3.0485051352660673, TheANGE HARBOR,1.838750080999489,2.986344448,120,251658240,503316480,654311424,2332033024,120.0001812730165,66.9206553920967,0.5576712858445042,-0.5,-2.0
orange_harbor,sinks_heavy_hitter, ORANGE HARBOR,5,-4.026094177846971,-0.8052188355693943,2.237186021132362, TheANGE HARBOR,1.747915914999794,3.422552064,120,251658240,503316480,654311424,2768240640,120.0001812730165,79.12204347909483,0.6593493663070523,-0.5,-2.0
orange_harbor,full_context, ORANGE HARBOR,5,-0.6339514352730475,-0.1267902870546095,1.1351789311002431, ORANGE HARBOR,0.8571406940000088,0.0,0,0,0,0,0,0.0,0.0,1.0,-0.5,-4.0
orange_harbor,recent_only, ORANGE HARBOR,5,-27.699245929718018,-5.539849185943604,254.63959333254607," GAN
IGHLIGHTOD",1.751166817000012,2.214592512,120,251658240,503316480,352321536,1862270976,120.0001812730165,1.688147319897098,0.014067873081427575,-0.5,-4.0
orange_harbor,sinks_recent, ORANGE HARBOR,5,-27.166558504104614,-5.433311700820923,228.90605994731854," TheGAN
ATOD",1.7545015800005785,2.214592512,120,251658240,503316480,352321536,1862270976,120.0001812730165,47.24998519354176,0.39374928181184754,-0.5,-4.0
orange_harbor,heavy_hitter, ORANGE HARBOR,5,-23.859909273684025,-4.771981854736805,118.15317250051679, TheCA.ATOR,1.7592833069993503,2.986344448,120,251658240,503316480,654311424,2332033024,120.0001812730165,66.9206553920967,0.5576712858445042,-0.5,-4.0
orange_harbor,sinks_heavy_hitter, ORANGE HARBOR,5,-10.30269580247841,-2.060539160495682,7.850201187883796, IncidentANGE HARBOR,1.7710283910000726,3.422552064,120,251658240,503316480,654311424,2768240640,120.0001812730165,79.12204347909483,0.6593493663070523,-0.5,-4.0
orange_harbor,full_context, ORANGE HARBOR,5,-0.6339514352730475,-0.1267902870546095,1.1351789311002431, ORANGE HARBOR,0.8717027739994592,0.0,0,0,0,0,0,0.0,0.0,1.0,-0.5,-6.0
orange_harbor,recent_only, ORANGE HARBOR,5,-34.41333270072937,-6.882666540145874,975.2233680017085," GAN
 HOL",1.8495898870005476,2.214592512,120,251658240,503316480,352321536,1862270976,120.0001812730165,1.688147319897098,0.014067873081427575,-0.5,-6.0
orange_harbor,sinks_recent, ORANGE HARBOR,5,-33.71456003189087,-6.742912006378174,848.0266026744263," GAN
INTOL",1.8118804359992282,2.214592512,120,251658240,503316480,352321536,1862270976,120.0001812730165,47.24998519354176,0.39374928181184754,-0.5,-6.0
orange_harbor,heavy_hitter, ORANGE HARBOR,5,-32.397593915462494,-6.479518783092499,651.6572823048818, TheCA.IGHLIGHTOR,1.7822090529998604,2.986344448,120,251658240,503316480,654311424,2332033024,120.0001812730165,66.9206553920967,0.5576712858445042,-0.5,-6.0
orange_harbor,sinks_heavy_hitter, ORANGE HARBOR,5,-11.124669592420105,-2.224933918484021,9.25287133993858, IncidentANGE HARBOR,1.8124719500001447,3.422552064,120,251658240,503316480,654311424,2768240640,120.0001812730165,79.12204347909483,0.6593493663070523,-0.5,-6.0
orange_harbor,full_context, ORANGE HARBOR,5,-0.6339514352730475,-0.1267902870546095,1.1351789311002431, ORANGE HARBOR,0.8678691300001447,0.0,0,0,0,0,0,0.0,0.0,1.0,-0.5,-8.0
orange_harbor,recent_only, ORANGE HARBOR,5,-35.204612731933594,-7.040922546386719,1142.4410755035449," GAN
adoopOL",1.813989921999564,2.214592512,120,251658240,503316480,352321536,1862270976,120.0001812730165,1.688147319897098,0.014067873081427575,-0.5,-8.0
orange_harbor,sinks_recent, ORANGE HARBOR,5,-34.636531352996826,-6.927306270599365,1019.7433638982232," GAN
 HOL",1.8006755240003258,2.214592512,120,251658240,503316480,352321536,1862270976,120.0001812730165,47.24998519354176,0.39374928181184754,-0.5,-8.0
orange_harbor,heavy_hitter, ORANGE HARBOR,5,-32.66862577199936,-6.533725154399872,687.9561871240657, TheCA.IGHLIGHTOR,1.7911347449999084,2.986344448,120,251658240,503316480,654311424,2332033024,120.0001812730165,66.9206553920967,0.5576712858445042,-0.5,-8.0
orange_harbor,sinks_heavy_hitter, ORANGE HARBOR,5,-11.1990549195325,-2.2398109839065,9.391555964445475, IncidentANGE HARBOR,1.7826802959998531,3.422552064,120,251658240,503316480,654311424,2768240640,120.0001812730165,79.12204347909483,0.6593493663070523,-0.5,-8.0
orange_harbor,full_context, ORANGE HARBOR,5,-0.6339514352730475,-0.1267902870546095,1.1351789311002431, ORANGE HARBOR,0.8683366250006657,0.0,0,0,0,0,0,0.0,0.0,1.0,-1.0,-2.0
orange_harbor,recent_only, ORANGE HARBOR,5,-4.275636691840191,-0.8551273383680382,2.3516738198158187, TheANGE HARBOR,1.7909007219996056,2.214592512,120,251658240,503316480,352321536,1862270976,120.0001812730165,1.688147319897098,0.014067873081427575,-1.0,-2.0
orange_harbor,sinks_recent, ORANGE HARBOR,5,-4.558480285864789,-0.9116960571729578,2.4885396616719255, TheANGE HARBOR,1.7762906090001707,2.214592512,120,251658240,503316480,352321536,1862270976,120.0001812730165,47.24998519354176,0.39374928181184754,-1.0,-2.0
orange_harbor,heavy_hitter, ORANGE HARBOR,5,-4.436644565197639,-0.8873289130395279,2.428633887468389, TheANGE HARBOR,1.7681800440004736,2.986344448,120,251658240,503316480,654311424,2332033024,120.0001812730165,66.9206553920967,0.5576712858445042,-1.0,-2.0
orange_harbor,sinks_heavy_hitter, ORANGE HARBOR,5,-3.881903727673489,-0.7763807455346978,2.1735912325949314, TheANGE HARBOR,1.6292153220001637,3.422552064,120,251658240,503316480,654311424,2768240640,120.0001812730165,79.12204347909483,0.6593493663070523,-1.0,-2.0
orange_harbor,full_context, ORANGE HARBOR,5,-0.6339514352730475,-0.1267902870546095,1.1351789311002431, ORANGE HARBOR,0.7765171510000073,0.0,0,0,0,0,0,0.0,0.0,1.0,-1.0,-4.0
orange_harbor,recent_only, ORANGE HARBOR,5,-27.430824518203735,-5.486164903640747,241.3299064057825," GAN

IGHLIGHTOR",1.6252110980003636,2.214592512,120,251658240,503316480,352321536,1862270976,120.0001812730165,1.688147319897098,0.014067873081427575,-1.0,-4.0
orange_harbor,sinks_recent, ORANGE HARBOR,5,-25.738330721855164,-5.1476661443710325,172.02952935444722," TheGAN
ATOR",1.5992688480000652,2.214592512,120,251658240,503316480,352321536,1862270976,120.0001812730165,47.24998519354176,0.39374928181184754,-1.0,-4.0
orange_harbor,heavy_hitter, ORANGE HARBOR,5,-23.14194878190756,-4.6283897563815115,102.34912432521172, TheCA.ATOR,1.5916835920006633,2.986344448,120,251658240,503316480,654311424,2332033024,120.0001812730165,66.9206553920967,0.5576712858445042,-1.0,-4.0
orange_harbor,sinks_heavy_hitter, ORANGE HARBOR,5,-9.981145230638504,-1.9962290461277008,7.361244779779197, IncidentANGE HARBOR,1.5958925069999168,3.422552064,120,251658240,503316480,654311424,2768240640,120.0001812730165,79.12204347909483,0.6593493663070523,-1.0,-4.0
orange_harbor,full_context, ORANGE HARBOR,5,-0.6339514352730475,-0.1267902870546095,1.1351789311002431, ORANGE HARBOR,0.7833238000002893,0.0,0,0,0,0,0,0.0,0.0,1.0,-1.0,-6.0
orange_harbor,recent_only, ORANGE HARBOR,5,-35.16730618476868,-7.033461236953736,1133.9486906841012," 


 HOL",1.6012922509999044,2.214592512,120,251658240,503316480,352321536,1862270976,120.0001812730165,1.688147319897098,0.014067873081427575,-1.0,-6.0
orange_harbor,sinks_recent, ORANGE HARBOR,5,-34.00357675552368,-6.800715351104737,898.4897974836144," GAN
 HOL",1.6065901699994356,2.214592512,120,251658240,503316480,352321536,1862270976,120.0001812730165,47.24998519354176,0.39374928181184754,-1.0,-6.0
orange_harbor,heavy_hitter, ORANGE HARBOR,5,-31.44159483909607,-6.2883189678192135,538.2477563497806, TheCA.IGHLIGHTOR,1.5906328490000305,2.986344448,120,251658240,503316480,654311424,2332033024,120.0001812730165,66.9206553920967,0.5576712858445042,-1.0,-6.0
orange_harbor,sinks_heavy_hitter, ORANGE HARBOR,5,-10.771442895376822,-2.1542885790753643,8.621754300215034, TheANGE HARBOR,1.6041606859998865,3.422552064,120,251658240,503316480,654311424,2768240640,120.0001812730165,79.12204347909483,0.6593493663070523,-1.0,-6.0
orange_harbor,full_context, ORANGE HARBOR,5,-0.6339514352730475,-0.1267902870546095,1.1351789311002431, ORANGE HARBOR,0.7868692339998233,0.0,0,0,0,0,0,0.0,0.0,1.0,-1.0,-8.0
orange_harbor,recent_only, ORANGE HARBOR,5,-34.87380385398865,-6.9747607707977295,1069.3013505643053," GAN
adoopOL",1.5973891280000316,2.214592512,120,251658240,503316480,352321536,1862270976,120.0001812730165,1.688147319897098,0.014067873081427575,-1.0,-8.0
orange_harbor,sinks_recent, ORANGE HARBOR,5,-35.29018759727478,-7.058037519454956,1162.1622056543165," GAN
 HOL",1.607211618999827,2.214592512,120,251658240,503316480,352321536,1862270976,120.0001812730165,47.24998519354176,0.39374928181184754,-1.0,-8.0
orange_harbor,heavy_hitter, ORANGE HARBOR,5,-31.887698501348495,-6.377539700269699,588.4780926533414, TheCA.IGHLIGHTOR,1.599869497000327,2.986344448,120,251658240,503316480,654311424,2332033024,120.0001812730165,66.9206553920967,0.5576712858445042,-1.0,-8.0
orange_harbor,sinks_heavy_hitter, ORANGE HARBOR,5,-10.900972782634199,-2.18019455652684,8.848027532779064, TheANGE HARBOR,1.605311317000087,3.422552064,120,251658240,503316480,654311424,2768240640,120.0001812730165,79.12204347909483,0.6593493663070523,-1.0,-8.0
orange_harbor,full_context, ORANGE HARBOR,5,-0.6339514352730475,-0.1267902870546095,1.1351789311002431, ORANGE HARBOR,0.7813271240001995,0.0,0,0,0,0,0,0.0,0.0,1.0,-2.0,-2.0
orange_harbor,recent_only, ORANGE HARBOR,5,-4.676388293126365,-0.935277658625273,2.547920811722883, TheANGE HARBOR,1.6058697709995613,2.214592512,120,251658240,503316480,352321536,1862270976,120.0001812730165,1.688147319897098,0.014067873081427575,-2.0,-2.0
orange_harbor,sinks_recent, ORANGE HARBOR,5,-4.70733459823532,-0.9414669196470641,2.5637394610674047, TheANGE HARBOR,1.610211815999719,2.214592512,120,251658240,503316480,352321536,1862270976,120.0001812730165,47.24998519354176,0.39374928181184754,-2.0,-2.0
orange_harbor,heavy_hitter, ORANGE HARBOR,5,-5.410064828058239,-1.0820129656116477,2.950613059710007, TheANGE HARBOR,1.6256998910002949,2.986344448,120,251658240,503316480,654311424,2332033024,120.0001812730165,66.9206553920967,0.5576712858445042,-2.0,-2.0
orange_harbor,sinks_heavy_hitter, ORANGE HARBOR,5,-5.4607220595135,-1.0921444119027002,2.9806589847802876, TheANGE HARBOR,1.7793051000007836,3.422552064,120,251658240,503316480,654311424,2768240640,120.0001812730165,79.12204347909483,0.6593493663070523,-2.0,-2.0
orange_harbor,full_context, ORANGE HARBOR,5,-0.6339514352730475,-0.1267902870546095,1.1351789311002431, ORANGE HARBOR,0.861695083000086,0.0,0,0,0,0,0,0.0,0.0,1.0,-2.0,-4.0
orange_harbor,recent_only, ORANGE HARBOR,5,-22.195414304733276,-4.439082860946655,84.69722690714512," ""GAN
ARMOR",1.7337005640001735,2.214592512,120,251658240,503316480,352321536,1862270976,120.0001812730165,1.688147319897098,0.014067873081427575,-2.0,-4.0
orange_harbor,sinks_recent, ORANGE HARBOR,5,-22.381243467330933,-4.476248693466187,87.90429742837452," TheGAN
UBOR",1.7807611070002167,2.214592512,120,251658240,503316480,352321536,1862270976,120.0001812730165,47.24998519354176,0.39374928181184754,-2.0,-4.0
orange_harbor,heavy_hitter, ORANGE HARBOR,5,-21.638933680951595,-4.327786736190319,75.77638769895651, TheCA.ATOR,1.8078575210001873,2.986344448,120,251658240,503316480,654311424,2332033024,120.0001812730165,66.9206553920967,0.5576712858445042,-2.0,-4.0
orange_harbor,sinks_heavy_hitter, ORANGE HARBOR,5,-9.870182618746185,-1.974036523749237,7.19967959076556, TheANGE HARBOR,1.786026019000019,3.422552064,120,251658240,503316480,654311424,2768240640,120.0001812730165,79.12204347909483,0.6593493663070523,-2.0,-4.0
orange_harbor,full_context, ORANGE HARBOR,5,-0.6339514352730475,-0.1267902870546095,1.1351789311002431, ORANGE HARBOR,0.8694657129999541,0.0,0,0,0,0,0,0.0,0.0,1.0,-2.0,-6.0
orange_harbor,recent_only, ORANGE HARBOR,5,-36.372169971466064,-7.274433994293213,1442.9342519523102," 


 HET",1.7890156439998464,2.214592512,120,251658240,503316480,352321536,1862270976,120.0001812730165,1.688147319897098,0.014067873081427575,-2.0,-6.0
orange_harbor,sinks_recent, ORANGE HARBOR,5,-34.40767168998718,-6.8815343379974365,974.1198428339156," 


 HOL",1.792693207999946,2.214592512,120,251658240,503316480,352321536,1862270976,120.0001812730165,47.24998519354176,0.39374928181184754,-2.0,-6.0
orange_harbor,heavy_hitter, ORANGE HARBOR,5,-30.26476189494133,-6.052952378988266,425.3670226631741, TheCA.ATOR,1.8125655609992464,2.986344448,120,251658240,503316480,654311424,2332033024,120.0001812730165,66.9206553920967,0.5576712858445042,-2.0,-6.0
orange_harbor,sinks_heavy_hitter, ORANGE HARBOR,5,-10.776883741200436,-2.155376748240087,8.63114133380432, TheANGE HARBOR,1.7758127050001349,3.422552064,120,251658240,503316480,654311424,2768240640,120.0001812730165,79.12204347909483,0.6593493663070523,-2.0,-6.0
orange_harbor,full_context, ORANGE HARBOR,5,-0.6339514352730475,-0.1267902870546095,1.1351789311002431, ORANGE HARBOR,0.874045088999992,0.0,0,0,0,0,0,0.0,0.0,1.0,-2.0,-8.0
orange_harbor,recent_only, ORANGE HARBOR,5,-34.97235894203186,-6.994471788406372,1090.587464622298," 



OL",1.7825191000001723,2.214592512,120,251658240,503316480,352321536,1862270976,120.0001812730165,1.688147319897098,0.014067873081427575,-2.0,-8.0
orange_harbor,sinks_recent, ORANGE HARBOR,5,-35.580721616744995,-7.116144323348999,1231.6922592844262," 


 HOL",1.7903369639998346,2.214592512,120,251658240,503316480,352321536,1862270976,120.0001812730165,47.24998519354176,0.39374928181184754,-2.0,-8.0
orange_harbor,heavy_hitter, ORANGE HARBOR,5,-30.36634397506714,-6.073268795013428,434.09734015063964, TheCA.AZOR,1.785464624999804,2.986344448,120,251658240,503316480,654311424,2332033024,120.0001812730165,66.9206553920967,0.5576712858445042,-2.0,-8.0
orange_harbor,sinks_heavy_hitter, ORANGE HARBOR,5,-10.952279201650526,-2.190455840330105,8.939287073661367, TheANGE HARBOR,1.7935679090005578,3.422552064,120,251658240,503316480,654311424,2768240640,120.0001812730165,79.12204347909483,0.6593493663070523,-2.0,-8.0
orange_harbor,full_context, ORANGE HARBOR,5,-0.6339514352730475,-0.1267902870546095,1.1351789311002431, ORANGE HARBOR,0.878540859000168,0.0,0,0,0,0,0,0.0,0.0,1.0,-4.0,-4.0
orange_harbor,recent_only, ORANGE HARBOR,5,-18.388407051563263,-3.6776814103126525,39.554576836516766," ""GAN

IGHLIGHTOR",1.7894958259994382,2.214592512,120,251658240,503316480,352321536,1862270976,120.0001812730165,1.688147319897098,0.014067873081427575,-4.0,-4.0
orange_harbor,sinks_recent, ORANGE HARBOR,5,-20.549891650676727,-4.109978330135346,60.94539687681102, TheGAN FACTUBOR,1.7866786730000968,2.214592512,120,251658240,503316480,352321536,1862270976,120.0001812730165,47.24998519354176,0.39374928181184754,-4.0,-4.0
orange_harbor,heavy_hitter, ORANGE HARBOR,5,-36.41135500371456,-7.282271000742912,1454.2869645265353," TheCID.
IGHLIGHTOR",1.7937188129999413,2.986344448,120,251658240,503316480,654311424,2332033024,120.0001812730165,66.9206553920967,0.5576712858445042,-4.0,-4.0
orange_harbor,sinks_heavy_hitter, ORANGE HARBOR,5,-11.850769443204626,-2.3701538886409255,10.69903861794389, TheANGE HARBOR,1.7890112549994228,3.422552064,120,251658240,503316480,654311424,2768240640,120.0001812730165,79.12204347909483,0.6593493663070523,-4.0,-4.0
orange_harbor,full_context, ORANGE HARBOR,5,-0.6339514352730475,-0.1267902870546095,1.1351789311002431, ORANGE HARBOR,0.8756838360004622,0.0,0,0,0,0,0,0.0,0.0,1.0,-4.0,-6.0
orange_harbor,recent_only, ORANGE HARBOR,5,-37.77692270278931,-7.555384540557862,1911.0049615693529,"  OR
 HET",1.8047290479998992,2.214592512,120,251658240,503316480,352321536,1862270976,120.0001812730165,1.688147319897098,0.014067873081427575,-4.0,-6.0
orange_harbor,sinks_recent, ORANGE HARBOR,5,-35.80275774002075,-7.16055154800415,1287.6209218409354,"  OR
 HET",1.797261527000046,2.214592512,120,251658240,503316480,352321536,1862270976,120.0001812730165,47.24998519354176,0.39374928181184754,-4.0,-6.0
orange_harbor,heavy_hitter, ORANGE HARBOR,5,-36.97142919898033,-7.3942858397960665,1626.662810848196," TheCID.
IGHLIGHTOR",1.7863423929993587,2.986344448,120,251658240,503316480,654311424,2332033024,120.0001812730165,66.9206553920967,0.5576712858445042,-4.0,-6.0
orange_harbor,sinks_heavy_hitter, ORANGE HARBOR,5,-13.011572696268559,-2.6023145392537117,13.494936476266131, TheANGE HARBOR,1.7852885850006714,3.422552064,120,251658240,503316480,654311424,2768240640,120.0001812730165,79.12204347909483,0.6593493663070523,-4.0,-6.0
orange_harbor,full_context, ORANGE HARBOR,5,-0.6339514352730475,-0.1267902870546095,1.1351789311002431, ORANGE HARBOR,0.8935708580002029,0.0,0,0,0,0,0,0.0,0.0,1.0,-4.0,-8.0
orange_harbor,recent_only, ORANGE HARBOR,5,-36.497071981430054,-7.299414396286011,1479.4333122204873,"  OR

OL",1.6607960910005204,2.214592512,120,251658240,503316480,352321536,1862270976,120.0001812730165,1.688147319897098,0.014067873081427575,-4.0,-8.0
orange_harbor,sinks_recent, ORANGE HARBOR,5,-37.006746768951416,-7.401349353790283,1638.1934418214528,"  OR
 HOL",1.579185502000655,2.214592512,120,251658240,503316480,352321536,1862270976,120.0001812730165,47.24998519354176,0.39374928181184754,-4.0,-8.0
orange_harbor,heavy_hitter, ORANGE HARBOR,5,-36.26242074370384,-7.252484148740768,1411.6071383940634, TheCID.IGHLIGHTOR,1.6736394200006544,2.986344448,120,251658240,503316480,654311424,2332033024,120.0001812730165,66.9206553920967,0.5576712858445042,-4.0,-8.0
orange_harbor,sinks_heavy_hitter, ORANGE HARBOR,5,-13.918583899736404,-2.783716779947281,16.179043277654596, TheANGE HARBOR,1.6140697240007285,3.422552064,120,251658240,503316480,654311424,2768240640,120.0001812730165,79.12204347909483,0.6593493663070523,-4.0,-8.0
